Hour,Irradiation_W
1,0
2,0
3,0
4,0
5,0
6,0
7,0
8,0
9,157.54
10,336.75
11,479.32
12,563.72
13,574.07
14,524.34
15,416.9
16,244.18
17,11.86
18,0
19,0
20,0
21,0
22,0
23,0
24,0
25,0
26,0
27,0
28,0
29,0
30,0
31,0
32,0
33,163.54
34,346.84
35,483.84
36,568.11
37,579.77
38,533.5
39,421.24
40,196.62
41,12.85
42,0
43,0
44,0
45,0
46,0
47,0
48,0
49,0
50,0
51,0
52,0
53,0
54,0
55,0
56,0
57,163.24
58,342
59,484.75
60,568.88
61,581.86
62,535.55
63,421.05
64,255.29
65,13.84
66,0
67,0
68,0
69,0
70,0
71,0
72,0
73,0
74,0
75,0
76,0
77,0
78,0
79,0
80,0
81,161.47
82,341.51
83,482.06
84,562.53
85,579
86,533.93
87,420.8
88,259.58
89,15.81
90,0
91,0
92,0
93,0
94,0
95,0
96,0
97,0
98,0
99,0
100,0
101,0
102,0
103,0
104,0
105,161.05
106,348.13
107,489.91
108,568.16
109,592.81
110,540.68
111,429.88
112,262.95
113,16.81
114,0
115,0
116,0
117,0
118,0
119,0
120,0
121,0
122,0
123,0
124,0
125,0
126,0
127,0
128,0
129,161.27
130,345.64
131,487.13
132,569.99
133,584.13
134,539.16
135,429.57
136,259.56
137,16.81
138,0
139,0
140,0
141,0
142,0
143,0
144,0
145,0
146,0
147,0
148,0
149,0
150,0
151,0
152,0
153,36.78
154,103.19
155,51.68
156,124.23
157,512.29
158,449.52
159,425.49
160,264.1
161,18.78
162,0
163,0
164,0
165,0
166,0
167,0
168,0
169,0
170,0
171,0
172,0
173,0
174,0
175,0
176,0
177,164.02
178,344.85
179,489.88
180,577.35
181,592.55
182,552.45
183,432.2
184,263.18
185,19.77
186,0
187,0
188,0
189,0
190,0
191,0
192,0
193,0
194,0
195,0
196,0
197,0
198,0
199,0
200,0
201,167.88
202,345.62
203,491.66
204,582.82
205,545.82
206,558.84
207,444.56
208,277.35
209,19.77
210,0
211,0
212,0
213,0
214,0
215,0
216,0
217,0
218,0
219,0
220,0
221,0
222,0
223,0
224,0
225,169.68
226,359.99
227,499.29
228,584.6
229,609.15
230,557.2
231,451.22
232,287.07
233,20.75
234,0
235,0
236,0
237,0
238,0
239,0
240,0
241,0
242,0
243,0
244,0
245,0
246,0
247,0
248,0
249,167.54
250,252.97
251,491.81
252,575.63
253,424.66
254,556.71
255,445.02
256,272.97
257,22.73
258,0
259,0
260,0
261,0
262,0
263,0
264,0
265,0
266,0
267,0
268,0
269,0
270,0
271,0
272,0
273,168.55
274,362.63
275,506.35
276,589.23
277,613.91
278,567.78
279,454.93
280,294.84
281,22.73
282,0
283,0
284,0
285,0
286,0
287,0
288,0
289,0
290,0
291,0
292,0
293,0
294,0
295,0
296,0
297,79.6
298,255.7
299,384.93
300,453.5
301,525.91
302,560.32
303,442.91
304,278.18
305,24.71
306,0
307,0
308,0
309,0
310,0
311,0
312,0
313,0
314,0
315,0
316,0
317,0
318,0
319,0
320,0
321,186.66
322,368.56
323,507.63
324,590.42
325,607.96
326,571.29
327,449.49
328,290.12
329,25.7
330,0
331,0
332,0
333,0
334,0
335,0
336,0
337,0
338,0
339,0
340,0
341,0
342,0
343,0
344,0
345,167.41
346,356.9
347,502.5
348,589.77
349,615.52
350,574.25
351,459.48
352,303.19
353,25.7
354,0
355,0
356,0
357,0
358,0
359,0
360,0
361,0
362,0
363,0
364,0
365,0
366,0
367,0
368,0
369,79.06
370,165.23
371,114.29
372,118.27
373,110.32
374,57.65
375,300.02
376,276.59
377,59.85
378,0
379,0
380,0
381,0
382,0
383,0
384,0
385,0
386,0
387,0
388,0
389,0
390,0
391,0
392,0
393,175.07
394,368.18
395,511.68
396,595.3
397,622.25
398,585.63
399,476.63
400,260.15
401,77.52
402,0
403,0
404,0
405,0
406,0
407,0
408,0
409,0
410,0
411,0
412,0
413,0
414,0
415,0
416,0
417,170.21
418,365.59
419,499.23
420,565.94
421,618.11
422,574.56
423,454.1
424,326.92
425,74.59
426,0
427,0
428,0
429,0
430,0
431,0
432,0
433,0
434,0
435,0
436,0
437,0
438,0
439,0
440,0
441,27.83
442,105.44
443,110.32
444,181.55
445,166.37
446,89.45
447,98.39
448,93.21
449,61.15
450,0
451,0
452,0
453,0
454,0
455,0
456,0
457,0
458,0
459,0
460,0
461,0
462,0
463,0
464,0
465,63.01
466,138.27
467,317.1
468,278.76
469,279.67
470,249.8
471,305.56
472,158.91
473,98.87
474,0
475,0
476,0
477,0
478,0
479,0
480,0
481,0
482,0
483,0
484,0
485,0
486,0
487,0
488,0
489,94.32
490,223.68
491,531.74
492,612.16
493,615.64
494,296.97
495,340.43
496,86.04
497,127.81
498,0
499,0
500,0
501,0
502,0
503,0
504,0
505,0
506,0
507,0
508,0
509,0
510,0
511,0
512,0
513,201.05
514,342.03
515,515.19
516,624.09
517,627.66
518,570.17
519,503.34
520,346.8
521,127.44
522,0
523,0
524,0
525,0
526,0
527,0
528,0
529,0
530,0
531,0
532,0
533,0
534,0
535,0
536,0
537,195.45
538,388.5
539,538.36
540,623.23
541,649.01
542,597.44
543,501.66
544,350.8
545,133.93
546,0
547,0
548,0
549,0
550,0
551,0
552,0
553,0
554,0
555,0
556,0
557,0
558,0
559,0
560,0
561,196.37
562,391.31
563,538.78
564,630.4
565,664.06
566,515.63
567,461.81
568,348.46
569,139.52
570,0
571,0
572,0
573,0
574,0
575,0
576,0
577,0
578,0
579,0
580,0
581,0
582,0
583,0
584,0
585,200.3
586,396.12
587,502.27
588,589.88
589,556.44
590,610.8
591,510.62
592,359.91
593,117.5
594,0
595,0
596,0
597,0
598,0
599,0
600,0
601,0
602,0
603,0
604,0
605,0
606,0
607,0
608,0
609,125.13
610,244.15
611,263.4
612,203.51
613,185.6
614,87.46
615,92.43
616,356.62
617,148.97
618,0
619,0
620,0
621,0
622,0
623,0
624,0
625,0
626,0
627,0
628,0
629,0
630,0
631,0
632,0
633,182.63
634,332.81
635,393.08
636,350.66
637,514.83
638,213.67
639,136.57
640,120.97
641,82.14
642,0
643,0
644,0
645,0
646,0
647,0
648,0
649,0
650,0
651,0
652,0
653,0
654,0
655,0
656,0
657,212.19
658,249.11
659,559.22
660,622.34
661,677.78
662,476.45
663,524.25
664,361.55
665,146.13
666,0
667,0
668,0
669,0
670,0
671,0
672,0
673,0
674,0
675,0
676,0
677,0
678,0
679,0
680,0
681,108.71
682,254
683,516.36
684,605.05
685,262.49
686,454.64
687,436.01
688,293.94
689,92.54
690,0
691,0
692,0
693,0
694,0
695,0
696,0
697,0
698,0
699,0
700,0
701,0
702,0
703,0
704,0
705,108.62
706,137.51
707,185.12
708,375.38
709,235.68
710,359.25
711,276.61
712,226.72
713,60.74
714,0
715,0
716,0
717,0
718,0
719,0
720,0
721,0
722,0
723,0
724,0
725,0
726,0
727,0
728,0
729,12.92
730,86.46
731,341.04
732,662.81
733,687.56
734,578.45
735,545.4
736,325.82
737,183.28
738,0
739,0
740,0
741,0
742,0
743,0
744,0
745,0
746,0
747,0
748,0
749,0
750,0
751,0
752,0
753,191.36
754,391.91
755,541.8
756,638.85
757,671.4
758,617.89
759,217.38
760,160.93
761,156.53
762,0
763,0
764,0
765,0
766,0
767,0
768,0
769,0
770,0
771,0
772,0
773,0
774,0
775,0
776,0
777,96.14
778,276.01
779,284.13
780,321.32
781,418.42
782,325.42
783,276.98
784,198.49
785,138.8
786,0
787,0
788,0
789,0
790,0
791,0
792,0
793,0
794,0
795,0
796,0
797,0
798,0
799,0
800,0
801,16.9
802,84.48
803,218.35
804,81.49
805,61.62
806,44.73
807,200.95
808,317.03
809,139.71
810,0
811,0
812,0
813,0
814,0
815,0
816,0
817,0
818,0
819,0
820,0
821,0
822,0
823,0
824,0
825,18.88
826,181.87
827,170.08
828,157.03
829,158.02
830,100.38
831,57.65
832,47.7
833,37.77
834,0
835,0
836,0
837,0
838,0
839,0
840,0
841,0
842,0
843,0
844,0
845,0
846,0
847,0
848,0
849,97.86
850,279.67
851,566.68
852,636.08
853,218.37
854,455.77
855,544.22
856,379.41
857,178.02
858,0
859,0
860,0
861,0
862,0
863,0
864,0
865,0
866,0
867,0
868,0
869,0
870,0
871,0
872,0
873,216.86
874,417.28
875,574.62
876,670.44
877,623.17
878,541.91
879,328.06
880,241.28
881,104.46
882,0
883,0
884,0
885,0
886,0
887,0
888,0
889,0
890,0
891,0
892,0
893,0
894,0
895,0
896,0
897,165.78
898,360.73
899,491.09
900,650.14
901,700.8
902,652.18
903,542.6
904,192.3
905,91.88
906,0
907,0
908,0
909,0
910,0
911,0
912,0
913,0
914,0
915,0
916,0
917,0
918,0
919,0
920,0
921,221.22
922,415.38
923,568.57
924,671.87
925,700.93
926,661.31
927,555.17
928,388.84
929,186.14
930,0
931,0
932,0
933,0
934,0
935,0
936,0
937,0
938,0
939,0
940,0
941,0
942,0
943,0
944,0
945,225.97
946,425.38
947,577.62
948,673.13
949,714.56
950,670.48
951,559.93
952,393.73
953,192.27
954,0
955,0
956,0
957,0
958,0
959,0
960,0
961,0
962,0
963,0
964,0
965,0
966,0
967,0
968,0
969,237.24
970,435.58
971,593.38
972,694.49
973,720.26
974,679.54
975,572.22
976,400.79
977,204.4
978,0
979,0
980,0
981,0
982,0
983,0
984,0
985,0
986,0
987,0
988,0
989,0
990,0
991,0
992,2.47
993,235
994,220.29
995,436.65
996,651.71
997,706.79
998,658.29
999,573.69
1000,256.29
1001,109.32
1002,0
1003,0
1004,0
1005,0
1006,0
1007,0
1008,0
1009,0
1010,0
1011,0
1012,0
1013,0
1014,0
1015,0
1016,8.94
1017,153.47
1018,228.63
1019,583.92
1020,656.31
1021,703.38
1022,582.74
1023,388.74
1024,190.62
1025,95.54
1026,0
1027,0
1028,0
1029,0
1030,0
1031,0
1032,0
1033,0
1034,0
1035,0
1036,0
1037,0
1038,0
1039,0
1040,10.94
1041,86.42
1042,437.13
1043,596.27
1044,697.1
1045,727.16
1046,677.64
1047,576.36
1048,406.74
1049,211.36
1050,0
1051,0
1052,0
1053,0
1054,0
1055,0
1056,0
1057,0
1058,0
1059,0
1060,0
1061,0
1062,0
1063,0
1064,1.98
1065,104.74
1066,182.17
1067,212.35
1068,160.01
1069,166.97
1070,182.18
1071,176.89
1072,202.8
1073,230.49
1074,0
1075,0
1076,0
1077,0
1078,0
1079,0
1080,0
1081,0
1082,0
1083,0
1084,0
1085,0
1086,0
1087,0
1088,15.86
1089,163.35
1090,93.42
1091,78.52
1092,83.49
1093,100.38
1094,249.93
1095,429.87
1096,311.91
1097,183.02
1098,0
1099,0
1100,0
1101,0
1102,0
1103,0
1104,0
1105,0
1106,0
1107,0
1108,0
1109,0
1110,0
1111,0
1112,39.22
1113,262.1
1114,463.72
1115,612.19
1116,717.29
1117,756.13
1118,667.83
1119,583.68
1120,309.75
1121,24.85
1122,0
1123,0
1124,0
1125,0
1126,0
1127,0
1128,0
1129,0
1130,0
1131,0
1132,0
1133,0
1134,0
1135,0
1136,3.98
1137,28.82
1138,61.62
1139,115.29
1140,83.49
1141,54.66
1142,103.36
1143,180.5
1144,132.87
1145,119.5
1146,0
1147,0
1148,0
1149,0
1150,0
1151,0
1152,0
1153,0
1154,0
1155,0
1156,0
1157,0
1158,0
1159,0
1160,24.29
1161,198.37
1162,467.88
1163,622.39
1164,485.19
1165,528.75
1166,615.57
1167,616.59
1168,450
1169,244.69
1170,0
1171,0
1172,0
1173,0
1174,0
1175,0
1176,0
1177,0
1178,0
1179,0
1180,0
1181,0
1182,0
1183,0
1184,51.84
1185,277.64
1186,475.61
1187,635.57
1188,732.85
1189,762.87
1190,721.29
1191,610.37
1192,437.25
1193,235.46
1194,12.85
1195,0
1196,0
1197,0
1198,0
1199,0
1200,0
1201,0
1202,0
1203,0
1204,0
1205,0
1206,0
1207,0
1208,50.64
1209,258.64
1210,467.82
1211,628.19
1212,719.67
1213,744.12
1214,718.11
1215,622.35
1216,448.07
1217,242.81
1218,13.84
1219,0
1220,0
1221,0
1222,0
1223,0
1224,0
1225,0
1226,0
1227,0
1228,0
1229,0
1230,0
1231,0
1232,52.49
1233,208.33
1234,121.26
1235,144.11
1236,154.05
1237,99.38
1238,53.67
1239,226.64
1240,266.97
1241,64.6
1242,15.81
1243,0
1244,0
1245,0
1246,0
1247,0
1248,0
1249,0
1250,0
1251,0
1252,0
1253,0
1254,0
1255,0
1256,71.12
1257,304.98
1258,512.83
1259,662.81
1260,758
1261,788.02
1262,749.54
1263,646.94
1264,477.18
1265,268.8
1266,16.81
1267,0
1268,0
1269,0
1270,0
1271,0
1272,0
1273,0
1274,0
1275,0
1276,0
1277,0
1278,0
1279,0
1280,45.37
1281,208.75
1282,366.13
1283,584.94
1284,605.4
1285,335.82
1286,147.09
1287,377.59
1288,476.83
1289,276.83
1290,18.78
1291,0
1292,0
1293,0
1294,0
1295,0
1296,0
1297,0
1298,0
1299,0
1300,0
1301,0
1302,0
1303,0
1304,80.92
1305,320.72
1306,522.9
1307,681.02
1308,785.7
1309,811.58
1310,768.89
1311,568.93
1312,481.35
1313,283.57
1314,17.79
1315,0
1316,0
1317,0
1318,0
1319,0
1320,0
1321,0
1322,0
1323,0
1324,0
1325,0
1326,0
1327,0
1328,42.86
1329,259.57
1330,306.21
1331,383.67
1332,477.33
1333,568.17
1334,350.38
1335,430.41
1336,308.05
1337,285.18
1338,18.78
1339,0
1340,0
1341,0
1342,0
1343,0
1344,0
1345,0
1346,0
1347,0
1348,0
1349,0
1350,0
1351,0
1352,66.78
1353,281.61
1354,253.89
1355,82.49
1356,108.34
1357,125.23
1358,753.15
1359,290.48
1360,338.5
1361,257.09
1362,23.72
1363,0
1364,0
1365,0
1366,0
1367,0
1368,0
1369,0
1370,0
1371,0
1372,0
1373,0
1374,0
1375,0
1376,86.72
1377,101.04
1378,38.76
1379,220.99
1380,494.44
1381,729.43
1382,753.18
1383,660.54
1384,494.66
1385,283.26
1386,20.75
1387,0
1388,0
1389,0
1390,0
1391,0
1392,0
1393,0
1394,0
1395,0
1396,0
1397,0
1398,0
1399,0
1400,112.76
1401,342.49
1402,544.94
1403,707.91
1404,808.23
1405,828.76
1406,789.17
1407,457.29
1408,92.43
1409,97.43
1410,27.67
1411,0
1412,0
1413,0
1414,0
1415,0
1416,0
1417,0
1418,0
1419,0
1420,0
1421,0
1422,0
1423,0
1424,36.24
1425,179.24
1426,121.26
1427,401.43
1428,487.18
1429,597.96
1430,706.45
1431,606.44
1432,406.36
1433,237.66
1434,28.66
1435,0
1436,0
1437,0
1438,0
1439,0
1440,0
1441,0
1442,0
1443,0
1444,0
1445,0
1446,0
1447,0
1448,27.83
1449,72.55
1450,177.27
1451,385.29
1452,310.52
1453,462.81
1454,615.76
1455,377.07
1456,283.98
1457,186.12
1458,55.52
1459,0
1460,0
1461,0
1462,0
1463,0
1464,0
1465,0
1466,0
1467,0
1468,0
1469,0
1470,0
1471,0
1472,96.22
1473,312.11
1474,441.56
1475,531.94
1476,705.03
1477,711.47
1478,720.79
1479,643.72
1480,482.92
1481,257.52
1482,55.14
1483,0
1484,0
1485,0
1486,0
1487,0
1488,0
1489,0
1490,0
1491,0
1492,0
1493,0
1494,0
1495,0
1496,29.82
1497,150.31
1498,168.74
1499,71.56
1500,62.62
1501,61.62
1502,64.6
1503,49.7
1504,47.7
1505,274.74
1506,65.26
1507,0
1508,0
1509,0
1510,0
1511,0
1512,0
1513,0
1514,0
1515,0
1516,0
1517,0
1518,0
1519,0
1520,121.8
1521,343.73
1522,532.33
1523,700.06
1524,796.75
1525,810.61
1526,780.69
1527,669
1528,494.77
1529,289.09
1530,77.34
1531,0
1532,0
1533,0
1534,0
1535,0
1536,0
1537,0
1538,0
1539,0
1540,0
1541,0
1542,0
1543,0
1544,122.43
1545,339.03
1546,537.87
1547,705.5
1548,792.65
1549,810.71
1550,776.6
1551,657.94
1552,486.48
1553,287.89
1554,78.86
1555,0
1556,0
1557,0
1558,0
1559,0
1560,0
1561,0
1562,0
1563,0
1564,0
1565,0
1566,0
1567,0
1568,127.73
1569,346.52
1570,540.5
1571,706.79
1572,788.53
1573,810.74
1574,767.12
1575,570.35
1576,322.35
1577,154.5
1578,42.86
1579,0
1580,0
1581,0
1582,0
1583,0
1584,0
1585,0
1586,0
1587,0
1588,0
1589,0
1590,0
1591,0
1592,126.32
1593,333.64
1594,497.23
1595,694.65
1596,769.49
1597,546.63
1598,397.23
1599,591.62
1600,355.25
1601,168.54
1602,80.96
1603,0
1604,0
1605,0
1606,0
1607,0
1608,0
1609,0
1610,0
1611,0
1612,0
1613,0
1614,0
1615,0
1616,131.37
1617,352.5
1618,523.86
1619,713.55
1620,799.34
1621,840.41
1622,776.82
1623,679.1
1624,414.97
1625,283.69
1626,66.15
1627,0
1628,0
1629,0
1630,0
1631,0
1632,0
1633,0
1634,0
1635,0
1636,0
1637,0
1638,0
1639,0
1640,138.16
1641,358.24
1642,553.08
1643,709.65
1644,799.4
1645,665.92
1646,785.24
1647,675.22
1648,470.06
1649,257.7
1650,69.13
1651,0
1652,0
1653,0
1654,0
1655,0
1656,0
1657,0
1658,0
1659,0
1660,0
1661,0
1662,0
1663,0
1664,81.8
1665,247.38
1666,401.42
1667,702.75
1668,794.24
1669,824.73
1670,785.42
1671,683.6
1672,512.28
1673,306.5
1674,97.19
1675,0
1676,0
1677,0
1678,0
1679,0
1680,0
1681,0
1682,0
1683,0
1684,0
1685,0
1686,0
1687,0
1688,139.49
1689,347.49
1690,539.5
1691,694.74
1692,366.7
1693,768.03
1694,770.75
1695,662.34
1696,505.92
1697,301.7
1698,93.71
1699,0
1700,0
1701,0
1702,0
1703,0
1704,0
1705,0
1706,0
1707,0
1708,0
1709,0
1710,0
1711,0
1712,145.74
1713,355.95
1714,556
1715,644.88
1716,774.37
1717,814.21
1718,455.7
1719,411.42
1720,491.12
1721,247.41
1722,103.67
1723,0
1724,0
1725,0
1726,0
1727,0
1728,0
1729,0
1730,0
1731,0
1732,0
1733,0
1734,0
1735,0
1736,50.69
1737,31.81
1738,180.3
1739,205.92
1740,212.69
1741,66.59
1742,783.48
1743,695.24
1744,494.45
1745,298.85
1746,7.95
1747,0
1748,0
1749,0
1750,0
1751,0
1752,0
1753,0
1754,0
1755,0
1756,0
1757,0
1758,0
1759,0
1760,176.84
1761,397.67
1762,594.2
1763,749.84
1764,834.42
1765,868.82
1766,802.32
1767,682.32
1768,517.97
1769,312.16
1770,106.09
1771,0
1772,0
1773,0
1774,0
1775,0
1776,0
1777,0
1778,0
1779,0
1780,0
1781,0
1782,0
1783,0
1784,25.84
1785,119.47
1786,327.02
1787,736.87
1788,763.1
1789,867.88
1790,826.11
1791,711.66
1792,540.08
1793,329.34
1794,107.37
1795,0
1796,0
1797,0
1798,0
1799,0
1800,0
1801,0
1802,0
1803,0
1804,0
1805,0
1806,0
1807,0
1808,178.93
1809,400.91
1810,602.27
1811,646.32
1812,669.85
1813,867.98
1814,830.27
1815,714.79
1816,540.57
1817,338.29
1818,111.28
1819,0
1820,0
1821,0
1822,0
1823,0
1824,0
1825,0
1826,0
1827,0
1828,0
1829,0
1830,0
1831,0
1832,65.8
1833,207.65
1834,197.37
1835,406.37
1836,766.54
1837,840.92
1838,585.34
1839,425.45
1840,179.49
1841,47.7
1842,57.74
1843,0
1844,0
1845,0
1846,0
1847,0
1848,0
1849,0
1850,0
1851,0
1852,0
1853,0
1854,0
1855,0
1856,145.66
1857,386.82
1858,516.6
1859,724.5
1860,766.76
1861,669.53
1862,683.31
1863,605.92
1864,484.72
1865,302.29
1866,117.78
1867,0
1868,0
1869,0
1870,0
1871,0
1872,0
1873,0
1874,0
1875,0
1876,0
1877,0
1878,0
1879,0
1880,160.8
1881,32.8
1882,517.36
1883,262.54
1884,765.94
1885,128.21
1886,426.33
1887,168.96
1888,212.44
1889,152.42
1890,25.84
1891,0
1892,0
1893,0
1894,0
1895,0
1896,0
1897,0
1898,0
1899,0
1900,0
1901,0
1902,0
1903,0
1904,15.9
1905,43.73
1906,57.65
1907,354.8
1908,603.51
1909,233.56
1910,200.76
1911,298.88
1912,236.85
1913,192.06
1914,61.52
1915,0
1916,0
1917,0
1918,0
1919,0
1920,0
1921,0
1922,0
1923,0
1924,0
1925,0
1926,0
1927,7.9
1928,161.93
1929,239.6
1930,467.06
1931,497.63
1932,815.56
1933,691.77
1934,795.75
1935,353.29
1936,279.28
1937,199.6
1938,73.25
1939,0
1940,0
1941,0
1942,0
1943,0
1944,0
1945,0
1946,0
1947,0
1948,0
1949,0
1950,0
1951,2.96
1952,97.57
1953,259.73
1954,482.12
1955,720.65
1956,401.51
1957,733.06
1958,651.63
1959,370.83
1960,517.99
1961,327.11
1962,119.41
1963,0
1964,0
1965,0
1966,0
1967,0
1968,0
1969,0
1970,0
1971,0
1972,0
1973,0
1974,0
1975,9.89
1976,83.8
1977,38.76
1978,113.3
1979,106.34
1980,150.07
1981,189.83
1982,483.31
1983,263.82
1984,202.81
1985,151.62
1986,97.15
1987,0
1988,0
1989,0
1990,0
1991,0
1992,0
1993,0
1994,0
1995,0
1996,0
1997,0
1998,0
1999,10.94
2000,84.78
2001,104.36
2002,167.97
2003,222.8
2004,242.5
2005,279.8
2006,306.74
2007,387.11
2008,406.29
2009,286.24
2010,85.55
2011,0
2012,0
2013,0
2014,0
2015,0
2016,0
2017,0
2018,0
2019,0
2020,0
2021,0
2022,0
2023,28.64
2024,239.42
2025,467.27
2026,659.85
2027,813.62
2028,904.86
2029,940.23
2030,869.15
2031,726.48
2032,557.46
2033,340.17
2034,144.03
2035,0
2036,0
2037,0
2038,0
2039,0
2040,0
2041,0
2042,0
2043,0
2044,0
2045,0
2046,0
2047,22.45
2048,228.98
2049,450.02
2050,653.96
2051,809.07
2052,894.01
2053,934.43
2054,868.28
2055,750.94
2056,577.03
2057,370.04
2058,152.38
2059,0
2060,0
2061,0
2062,0
2063,0
2064,0
2065,0
2066,0
2067,0
2068,0
2069,0
2070,0
2071,25.95
2072,202.32
2073,444.35
2074,322.8
2075,799.45
2076,893.15
2077,913.62
2078,872.37
2079,757.81
2080,576.44
2081,373.26
2082,145.31
2083,0
2084,0
2085,0
2086,0
2087,0
2088,0
2089,0
2090,0
2091,0
2092,0
2093,0
2094,0
2095,17.89
2096,249.01
2097,462.45
2098,656.11
2099,799.83
2100,204.73
2101,780.87
2102,742.45
2103,454.29
2104,84.48
2105,64.6
2106,27.83
2107,0
2108,0
2109,0
2110,0
2111,0
2112,0
2113,0
2114,0
2115,0
2116,0
2117,0
2118,0
2119,29.08
2120,134.28
2121,63.61
2122,189.83
2123,308.11
2124,433.18
2125,724.26
2126,725.4
2127,663.3
2128,274.84
2129,135.58
2130,45.72
2131,0
2132,0
2133,0
2134,0
2135,0
2136,0
2137,0
2138,0
2139,0
2140,0
2141,0
2142,0
2143,47.94
2144,270.99
2145,491.85
2146,673.22
2147,818.16
2148,905.61
2149,933.8
2150,881.45
2151,763.18
2152,588.43
2153,381.87
2154,163.9
2155,0
2156,0
2157,0
2158,0
2159,0
2160,0
2161,0
2162,0
2163,0
2164,0
2165,0
2166,0
2167,8.94
2168,39.75
2169,108.34
2170,329.1
2171,302.74
2172,575.71
2173,510.09
2174,835.97
2175,757.63
2176,585.31
2177,364.58
2178,145.17
2179,0
2180,0
2181,0
2182,0
2183,0
2184,0
2185,0
2186,0
2187,0
2188,0
2189,0
2190,0
2191,58.37
2192,261.04
2193,482.1
2194,679.06
2195,779.45
2196,878.08
2197,911.21
2198,874.97
2199,760.74
2200,584.83
2201,371.57
2202,148.79
2203,0
2204,0
2205,0
2206,0
2207,0
2208,0
2209,0
2210,0
2211,0
2212,0
2213,0
2214,0
2215,59.37
2216,250.58
2217,368.02
2218,645.12
2219,778.8
2220,860.07
2221,915.4
2222,738.27
2223,572.62
2224,460.52
2225,177.64
2226,113.95
2227,0
2228,0
2229,0
2230,0
2231,0
2232,0
2233,0
2234,0
2235,0
2236,0
2237,0
2238,0
2239,34.66
2240,165.94
2241,84.48
2242,103.36
2243,484.47
2244,533.55
2245,939.36
2246,866.37
2247,762.07
2248,586.47
2249,372.43
2250,159.21
2251,0
2252,0
2253,0
2254,0
2255,0
2256,0
2257,0
2258,0
2259,0
2260,0
2261,0
2262,0
2263,72.21
2264,280.34
2265,504.72
2266,692.97
2267,835.41
2268,915.59
2269,926.6
2270,889.05
2271,707.54
2272,302.54
2273,140.46
2274,124.87
2275,0
2276,0
2277,0
2278,0
2279,0
2280,0
2281,0
2282,0
2283,0
2284,0
2285,0
2286,0
2287,34.71
2288,116.62
2289,335.07
2290,653.53
2291,825.05
2292,913.77
2293,945.51
2294,896.99
2295,771.99
2296,598.89
2297,386.28
2298,167.27
2299,0
2300,0
2301,0
2302,0
2303,0
2304,0
2305,0
2306,0
2307,0
2308,0
2309,0
2310,0
2311,79.5
2312,289.38
2313,512.09
2314,653.18
2315,852.39
2316,932.67
2317,938.79
2318,894.13
2319,778.74
2320,604.54
2321,393.09
2322,171.81
2323,0
2324,0
2325,0
2326,0
2327,0
2328,0
2329,0
2330,0
2331,0
2332,0
2333,0
2334,0
2335,84.99
2336,292.74
2337,516.42
2338,709.47
2339,851.83
2340,936.83
2341,957.54
2342,902
2343,781.85
2344,606.6
2345,389.47
2346,175.23
2347,0
2348,0
2349,0
2350,0
2351,0
2352,0
2353,0
2354,0
2355,0
2356,0
2357,0
2358,0
2359,88.64
2360,296.07
2361,524.26
2362,710.09
2363,859.76
2364,949.6
2365,976.12
2366,919.43
2367,792.21
2368,612.21
2369,403.1
2370,179.65
2371,0
2372,0
2373,0
2374,0
2375,0
2376,0
2377,0
2378,0
2379,0
2380,0
2381,0
2382,0
2383,80.06
2384,280.69
2385,501.8
2386,702.46
2387,844.79
2388,921.44
2389,957.77
2390,892.58
2391,706.3
2392,577.54
2393,369.9
2394,154.83
2395,0
2396,0
2397,0
2398,0
2399,0
2400,0
2401,0
2402,0
2403,0
2404,0
2405,0
2406,0
2407,91.65
2408,279.87
2409,512.1
2410,706.81
2411,843.18
2412,919.73
2413,933.32
2414,869.33
2415,731.46
2416,409.41
2417,265.68
2418,96.46
2419,0
2420,0
2421,0
2422,0
2423,0
2424,0
2425,0
2426,0
2427,0
2428,0
2429,0
2430,0
2431,92.78
2432,285.62
2433,495.58
2434,706.45
2435,841.59
2436,938.52
2437,968.73
2438,882.21
2439,787.38
2440,610.09
2441,401.7
2442,180.83
2443,0
2444,0
2445,0
2446,0
2447,0
2448,0
2449,0
2450,0
2451,0
2452,0
2453,0
2454,0
2455,104.12
2456,310.83
2457,532.49
2458,726.17
2459,869.69
2460,952.33
2461,965.94
2462,910.41
2463,794.07
2464,612.22
2465,406.17
2466,184.22
2467,9.89
2468,0
2469,0
2470,0
2471,0
2472,0
2473,0
2474,0
2475,0
2476,0
2477,0
2478,0
2479,110.3
2480,316.47
2481,540.26
2482,722.25
2483,868.13
2484,944.76
2485,969.01
2486,912.45
2487,791.48
2488,610.88
2489,408.37
2490,191.47
2491,12.85
2492,0
2493,0
2494,0
2495,0
2496,0
2497,0
2498,0
2499,0
2500,0
2501,0
2502,0
2503,116.35
2504,326.33
2505,528.73
2506,532.97
2507,721.32
2508,915.7
2509,938.91
2510,894.36
2511,479.3
2512,483.61
2513,104.36
2514,134.68
2515,8.89
2516,0
2517,0
2518,0
2519,0
2520,0
2521,0
2522,0
2523,0
2524,0
2525,0
2526,0
2527,93.58
2528,145.44
2529,244.04
2530,226.72
2531,250.45
2532,145.1
2533,957.66
2534,860.66
2535,760.34
2536,415.66
2537,365.38
2538,152.05
2539,14.82
2540,0
2541,0
2542,0
2543,0
2544,0
2545,0
2546,0
2547,0
2548,0
2549,0
2550,0
2551,124.37
2552,333.16
2553,552.33
2554,699.29
2555,727.31
2556,947.32
2557,971.43
2558,909.13
2559,635.42
2560,452.41
2561,363.39
2562,192.91
2563,15.81
2564,0
2565,0
2566,0
2567,0
2568,0
2569,0
2570,0
2571,0
2572,0
2573,0
2574,0
2575,59.42
2576,280.57
2577,537.58
2578,740.93
2579,880.86
2580,971.6
2581,833.67
2582,785.98
2583,687.79
2584,552.78
2585,283.5
2586,88.37
2587,14.82
2588,0
2589,0
2590,0
2591,0
2592,0
2593,0
2594,0
2595,0
2596,0
2597,0
2598,0
2599,118.31
2600,294.8
2601,565.68
2602,747.7
2603,888.73
2604,968.99
2605,624.04
2606,244.49
2607,136.16
2608,340.1
2609,309.92
2610,151.52
2611,17.79
2612,0
2613,0
2614,0
2615,0
2616,0
2617,0
2618,0
2619,0
2620,0
2621,0
2622,0
2623,137.32
2624,345.54
2625,520.6
2626,649.8
2627,719.37
2628,883.64
2629,967.08
2630,915.36
2631,795.8
2632,623.88
2633,422.83
2634,203.81
2635,19.77
2636,0
2637,0
2638,0
2639,0
2640,0
2641,0
2642,0
2643,0
2644,0
2645,0
2646,0
2647,143.3
2648,353.13
2649,573.36
2650,758.75
2651,909.01
2652,978.92
2653,1006.39
2654,942.91
2655,807.1
2656,639.57
2657,406.81
2658,215.29
2659,19.77
2660,0
2661,0
2662,0
2663,0
2664,0
2665,0
2666,0
2667,0
2668,0
2669,0
2670,0
2671,44.73
2672,60.62
2673,153.05
2674,242.7
2675,423.33
2676,293.31
2677,166.97
2678,155.05
2679,722.33
2680,634.98
2681,429.5
2682,207.69
2683,18.78
2684,0
2685,0
2686,0
2687,0
2688,0
2689,0
2690,0
2691,0
2692,0
2693,0
2694,0
2695,152.58
2696,339.38
2697,533.31
2698,756.22
2699,875.09
2700,973.73
2701,979.24
2702,926.38
2703,814.87
2704,517.27
2705,435.98
2706,131.15
2707,4.94
2708,0
2709,0
2710,0
2711,0
2712,0
2713,0
2714,0
2715,0
2716,0
2717,0
2718,0
2719,117.9
2720,285.21
2721,466.56
2722,742.47
2723,898.01
2724,975.87
2725,660.27
2726,928.51
2727,776.87
2728,430.64
2729,177.22
2730,94.26
2731,20.75
2732,0
2733,0
2734,0
2735,0
2736,0
2737,0
2738,0
2739,0
2740,0
2741,0
2742,0
2743,136.51
2744,182.26
2745,229.17
2746,245.68
2747,343.09
2748,531.41
2749,634.6
2750,760.92
2751,343.96
2752,274.57
2753,250.32
2754,99.16
2755,3.96
2756,0
2757,0
2758,0
2759,0
2760,0
2761,0
2762,0
2763,0
2764,0
2765,0
2766,0
2767,29.82
2768,109.33
2769,190.88
2770,239.61
2771,289.42
2772,790.19
2773,397.65
2774,605.1
2775,128.21
2776,302.3
2777,312.33
2778,144.42
2779,30.63
2780,0
2781,0
2782,0
2783,0
2784,0
2785,0
2786,0
2787,0
2788,0
2789,0
2790,0
2791,150.08
2792,383.83
2793,599.85
2794,780.71
2795,638.89
2796,803.34
2797,444.24
2798,881.96
2799,680.23
2800,584.9
2801,47.7
2802,131.11
2803,27.72
2804,0
2805,0
2806,0
2807,0
2808,0
2809,0
2810,0
2811,0
2812,0
2813,0
2814,0
2815,170.57
2816,385.22
2817,584.24
2818,782.93
2819,931.65
2820,1005.09
2821,976.58
2822,945.23
2823,801.97
2824,639.52
2825,391.03
2826,97.2
2827,25.36
2828,0
2829,0
2830,0
2831,0
2832,0
2833,0
2834,0
2835,0
2836,0
2837,0
2838,1.97
2839,116.17
2840,205.08
2841,380.17
2842,363.76
2843,114.29
2844,115.29
2845,871.55
2846,957.56
2847,816.69
2848,635.15
2849,446.5
2850,229.55
2851,34.97
2852,0
2853,0
2854,0
2855,0
2856,0
2857,0
2858,0
2859,0
2860,0
2861,0
2862,1.97
2863,99.09
2864,235.1
2865,580.68
2866,758.35
2867,911.24
2868,987.84
2869,996.89
2870,928.04
2871,799.86
2872,625.45
2873,432.33
2874,190.99
2875,40.87
2876,0
2877,0
2878,0
2879,0
2880,0
2881,0
2882,0
2883,0
2884,0
2885,0
2886,1.97
2887,97.23
2888,239.01
2889,479.88
2890,435.3
2891,449.68
2892,815.65
2893,829.16
2894,765.56
2895,410.07
2896,451.97
2897,398.66
2898,196.03
2899,40.18
2900,0
2901,0
2902,0
2903,0
2904,0
2905,0
2906,0
2907,0
2908,0
2909,0
2910,15.05
2911,166.51
2912,382.97
2913,591.05
2914,767.8
2915,907.08
2916,976.86
2917,948.04
2918,881.67
2919,627.77
2920,439.66
2921,293.2
2922,105.05
2923,25.34
2924,0
2925,0
2926,0
2927,0
2928,0
2929,0
2930,0
2931,0
2932,0
2933,0
2934,13.74
2935,152.46
2936,313.79
2937,542.69
2938,641.93
2939,884.46
2940,973.49
2941,992.73
2942,919.42
2943,724.73
2944,648
2945,441.57
2946,214.15
2947,44.69
2948,0
2949,0
2950,0
2951,0
2952,0
2953,0
2954,0
2955,0
2956,0
2957,0
2958,11.93
2959,120.39
2960,77.52
2961,111.31
2962,288.78
2963,562.06
2964,748.46
2965,627.88
2966,267.35
2967,285.58
2968,171.94
2969,164.05
2970,57.65
2971,29.32
2972,0
2973,0
2974,0
2975,0
2976,0
2977,0
2978,0
2979,0
2980,0
2981,0
2982,6.96
2983,56.65
2984,296.35
2985,544.52
2986,585.72
2987,407.3
2988,429.24
2989,602.04
2990,531.76
2991,750.22
2992,549.27
2993,265.29
2994,65.59
2995,5.96
2996,0
2997,0
2998,0
2999,0
3000,0
3001,0
3002,0
3003,0
3004,0
3005,0
3006,19.52
3007,157.15
3008,389.95
3009,598.44
3010,780.5
3011,909.6
3012,988.4
3013,996.34
3014,933.31
3015,815.29
3016,646.44
3017,444.71
3018,232.63
3019,41.67
3020,0
3021,0
3022,0
3023,0
3024,0
3025,0
3026,0
3027,0
3028,0
3029,0
3030,3.98
3031,174.76
3032,390.49
3033,599.85
3034,748.64
3035,839.78
3036,962.56
3037,970.43
3038,784.08
3039,612.59
3040,362.27
3041,343.92
3042,203.73
3043,35.79
3044,0
3045,0
3046,0
3047,0
3048,0
3049,0
3050,0
3051,0
3052,0
3053,0
3054,23.19
3055,185.05
3056,394.94
3057,599.08
3058,779.79
3059,912.14
3060,980.74
3061,988.65
3062,931.29
3063,813.46
3064,649.12
3065,444.55
3066,225.81
3067,54.98
3068,0
3069,0
3070,0
3071,0
3072,0
3073,0
3074,0
3075,0
3076,0
3077,0
3078,24.88
3079,186.23
3080,362.38
3081,601.52
3082,777.8
3083,903.42
3084,976.42
3085,984.29
3086,921.43
3087,810.36
3088,651.5
3089,451.01
3090,238.39
3091,57.64
3092,0
3093,0
3094,0
3095,0
3096,0
3097,0
3098,0
3099,0
3100,0
3101,0
3102,26.35
3103,123.78
3104,337.65
3105,590.27
3106,745.07
3107,721.53
3108,867.39
3109,991.19
3110,918.22
3111,807.28
3112,656.09
3113,450.48
3114,243.21
3115,59.78
3116,0
3117,0
3118,0
3119,0
3120,0
3121,0
3122,0
3123,0
3124,0
3125,0
3126,27.1
3127,196.4
3128,397.59
3129,599.09
3130,772.83
3131,881.48
3132,879.21
3133,886.94
3134,898.28
3135,636.2
3136,530.81
3137,419.09
3138,214.14
3139,38.81
3140,0
3141,0
3142,0
3143,0
3144,0
3145,0
3146,0
3147,0
3148,0
3149,0
3150,29.12
3151,198.94
3152,393.36
3153,600.54
3154,756.75
3155,887.37
3156,990.47
3157,1003.92
3158,935.49
3159,823.21
3160,663.09
3161,458.38
3162,247.28
3163,63.92
3164,0
3165,0
3166,0
3167,0
3168,0
3169,0
3170,0
3171,0
3172,0
3173,0
3174,27.84
3175,146.87
3176,368.95
3177,563.08
3178,693.27
3179,771.7
3180,742.37
3181,815.84
3182,784.77
3183,679.59
3184,529.92
3185,392.42
3186,194.34
3187,51.84
3188,0
3189,0
3190,0
3191,0
3192,0
3193,0
3194,0
3195,0
3196,0
3197,0
3198,19.88
3199,118.49
3200,241
3201,323.65
3202,436.13
3203,736.29
3204,871.36
3205,933.73
3206,775.15
3207,766.67
3208,527.38
3209,156.04
3210,42.74
3211,10.94
3212,0
3213,0
3214,0
3215,0
3216,0
3217,0
3218,0
3219,0
3220,0
3221,0
3222,31.73
3223,206.25
3224,412.42
3225,615.38
3226,794.78
3227,916.04
3228,993.46
3229,1001.33
3230,845.61
3231,319.67
3232,407.83
3233,332.17
3234,253.92
3235,70.38
3236,0
3237,0
3238,0
3239,0
3240,0
3241,0
3242,0
3243,0
3244,0
3245,0
3246,22.85
3247,124.13
3248,267.38
3249,567.78
3250,800.51
3251,936.18
3252,1004.84
3253,1018.25
3254,954.32
3255,836.44
3256,668.8
3257,470.28
3258,257.99
3259,72.63
3260,0
3261,0
3262,0
3263,0
3264,0
3265,0
3266,0
3267,0
3268,0
3269,0
3270,39.68
3271,212.38
3272,424.04
3273,624.54
3274,805.21
3275,932.1
3276,1005.18
3277,1024.07
3278,955.69
3279,842.19
3280,673.42
3281,472.8
3282,259.52
3283,74.72
3284,0
3285,0
3286,0
3287,0
3288,0
3289,0
3290,0
3291,0
3292,0
3293,0
3294,41.18
3295,215.33
3296,427.43
3297,632.21
3298,802.34
3299,929.1
3300,1001.05
3301,1008.95
3302,951.66
3303,834.97
3304,640.24
3305,464.59
3306,262.83
3307,76.82
3308,0
3309,0
3310,0
3311,0
3312,0
3313,0
3314,0
3315,0
3316,0
3317,0
3318,41.87
3319,183.5
3320,262.3
3321,192.81
3322,435.57
3323,613.52
3324,642.39
3325,98.39
3326,140.13
3327,199.77
3328,65.59
3329,174.91
3330,28.82
3331,48.37
3332,0
3333,0
3334,0
3335,0
3336,0
3337,0
3338,0
3339,0
3340,0
3341,0
3342,27.16
3343,103.76
3344,78.52
3345,98.39
3346,80.5
3347,459.07
3348,810.05
3349,894.56
3350,876.05
3351,823.9
3352,510.48
3353,434.69
3354,179.8
3355,8.94
3356,0
3357,0
3358,0
3359,0
3360,0
3361,0
3362,0
3363,0
3364,0
3365,0
3366,44.98
3367,181.51
3368,419.85
3369,623.32
3370,797.11
3371,925.93
3372,997.77
3373,1000.16
3374,944.05
3375,828.69
3376,587.14
3377,253.27
3378,224.04
3379,80.13
3380,0
3381,0
3382,0
3383,0
3384,0
3385,0
3386,0
3387,0
3388,0
3389,0
3390,47.04
3391,222.59
3392,430.74
3393,637.17
3394,806.13
3395,936.16
3396,1003.68
3397,1017.06
3398,955.38
3399,838.85
3400,676.82
3401,476.79
3402,267.13
3403,83
3404,0
3405,0
3406,0
3407,0
3408,0
3409,0
3410,0
3411,0
3412,0
3413,0
3414,48.23
3415,221.9
3416,427.59
3417,631.53
3418,806.61
3419,932.23
3420,1004.11
3421,1017.49
3422,950.41
3423,830.73
3424,657.58
3425,470.67
3426,234.99
3427,54.37
3428,0
3429,0
3430,0
3431,0
3432,0
3433,0
3434,0
3435,0
3436,0
3437,0
3438,48.92
3439,212.8
3440,431.02
3441,628.99
3442,803.85
3443,932.7
3444,993.62
3445,1008.04
3446,884.84
3447,594.44
3448,406.63
3449,481.94
3450,259.58
3451,83.58
3452,0
3453,0
3454,0
3455,0
3456,0
3457,0
3458,0
3459,0
3460,0
3461,0
3462,49.88
3463,220.03
3464,426.1
3465,484.4
3466,626.7
3467,927.77
3468,994.1
3469,1003.04
3470,837.77
3471,810.24
3472,674.32
3473,478.78
3474,268.42
3475,82.49
3476,0
3477,0
3478,0
3479,0
3480,0
3481,0
3482,0
3483,0
3484,0
3485,0
3486,51.55
3487,222.94
3488,426.71
3489,627.04
3490,796.38
3491,918.5
3492,1000.08
3493,1013.46
3494,952.98
3495,838.72
3496,675.94
3497,478.54
3498,272.45
3499,89.62
3500,0
3501,0
3502,0
3503,0
3504,0
3505,0
3506,0
3507,0
3508,0
3509,0
3510,52.67
3511,225.82
3512,428.33
3513,631.68
3514,809.65
3515,934.19
3516,1000.6
3517,1019.44
3518,963.3
3519,847.85
3520,591.27
3521,460.06
3522,261.43
3523,90.88
3524,0
3525,0
3526,0
3527,0
3528,0
3529,0
3530,0
3531,0
3532,0
3533,0
3534,53.62
3535,224.55
3536,432.62
3537,632.27
3538,809.18
3539,929.34
3540,995.68
3541,1014.51
3542,964.89
3543,849.46
3544,685.43
3545,488.59
3546,280.6
3547,93.86
3548,0
3549,0
3550,0
3551,0
3552,0
3553,0
3554,0
3555,0
3556,0
3557,0
3558,54.83
3559,225.96
3560,429.61
3561,619.67
3562,788.57
3563,914.74
3564,996.24
3565,972.25
3566,872.49
3567,782.49
3568,668.56
3569,480.74
3570,213.06
3571,62.53
3572,0
3573,0
3574,0
3575,0
3576,0
3577,0
3578,0
3579,0
3580,0
3581,0
3582,54.49
3583,222.55
3584,420.17
3585,620.3
3586,810.33
3587,930.46
3588,1001.22
3589,1021.09
3590,960.67
3591,846.44
3592,680.57
3593,481.47
3594,238.42
3595,69.2
3596,0
3597,0
3598,0
3599,0
3600,0
3601,0
3602,0
3603,0
3604,0
3605,0
3606,54.5
3607,223.85
3608,426.29
3609,623.98
3610,802.48
3611,925.68
3612,996.37
3613,1021.67
3614,955.87
3615,852.35
3616,682.26
3617,475.59
3618,283.43
3619,98.22
3620,0
3621,0
3622,0
3623,0
3624,0
3625,0
3626,0
3627,0
3628,0
3629,0
3630,23.86
3631,137.45
3632,405.63
3633,615.56
3634,780.08
3635,910.47
3636,975.58
3637,984.54
3638,936.28
3639,820.3
3640,666.63
3641,472.41
3642,262.58
3643,80.55
3644,0
3645,0
3646,0
3647,0
3648,0
3649,0
3650,0
3651,0
3652,0
3653,0
3654,25.84
3655,219.77
3656,416.41
3657,619.26
3658,788.17
3659,919.79
3660,991.5
3661,1000.51
3662,936.95
3663,830.57
3664,671.46
3665,480.82
3666,280.12
3667,99.11
3668,0
3669,0
3670,0
3671,0
3672,0
3673,0
3674,0
3675,0
3676,0
3677,0
3678,44.17
3679,144.51
3680,297.97
3681,602.77
3682,788.82
3683,876.09
3684,975.86
3685,990.29
3686,932.24
3687,831.29
3688,669.14
3689,475.01
3690,280.25
3691,100.25
3692,0
3693,0
3694,0
3695,0
3696,0
3697,0
3698,0
3699,0
3700,0
3701,0
3702,58.06
3703,227.48
3704,425.07
3705,628.67
3706,796.9
3707,929.74
3708,997.2
3709,1006.25
3710,948.1
3711,840.52
3712,684.24
3713,488.17
3714,286.68
3715,102.24
3716,0
3717,0
3718,0
3719,0
3720,0
3721,0
3722,0
3723,0
3724,0
3725,0
3726,58.3
3727,227.34
3728,427.6
3729,622.32
3730,793.37
3731,919.72
3732,996.86
3733,1006.95
3734,947.78
3735,837.02
3736,677.86
3737,491.84
3738,286.89
3739,103.38
3740,0
3741,0
3742,0
3743,0
3744,0
3745,0
3746,0
3747,0
3748,0
3749,0
3750,59.24
3751,228.02
3752,423.75
3753,619.02
3754,784.65
3755,910.74
3756,975.88
3757,996.83
3758,938.78
3759,833.54
3760,675.58
3761,490.8
3762,289.4
3763,105.13
3764,0
3765,0
3766,0
3767,0
3768,0
3769,0
3770,0
3771,0
3772,0
3773,0
3774,58.92
3775,227.28
3776,423.52
3777,622.75
3778,792.76
3779,920.11
3780,991.85
3781,1007.36
3782,949.29
3783,842.8
3784,680.48
3785,489.78
3786,287.21
3787,105.04
3788,0
3789,0
3790,0
3791,0
3792,0
3793,0
3794,0
3795,0
3796,0
3797,0
3798,59.48
3799,225.83
3800,424.25
3801,622.48
3802,788.28
3803,915.49
3804,987.18
3805,991.87
3806,899.17
3807,704.6
3808,288.55
3809,329.42
3810,230.06
3811,75.97
3812,0
3813,0
3814,0
3815,0
3816,0
3817,0
3818,0
3819,0
3820,0
3821,0
3822,24.85
3823,73.54
3824,164.86
3825,242.59
3826,307.46
3827,645.96
3828,534.44
3829,350.18
3830,428.29
3831,714.11
3832,671.95
3833,487.79
3834,292.23
3835,109.85
3836,0
3837,0
3838,0
3839,0
3840,0
3841,0
3842,0
3843,0
3844,0
3845,0
3846,54.54
3847,224.96
3848,334.17
3849,535.47
3850,738.24
3851,830.7
3852,970.42
3853,867.23
3854,796.95
3855,831.54
3856,675.9
3857,479.23
3858,181.79
3859,89.11
3860,0
3861,0
3862,0
3863,0
3864,0
3865,0
3866,0
3867,0
3868,0
3869,0
3870,35.17
3871,178.94
3872,397.41
3873,532.31
3874,699.92
3875,885.71
3876,965.81
3877,867.08
3878,828.56
3879,580.12
3880,609.07
3881,251.02
3882,27.83
3883,24.85
3884,0
3885,0
3886,0
3887,0
3888,0
3889,0
3890,0
3891,0
3892,0
3893,0
3894,59.75
3895,227.38
3896,374.53
3897,312.47
3898,512.9
3899,766.05
3900,566.93
3901,997.44
3902,951.31
3903,841.76
3904,681.76
3905,493.36
3906,292.96
3907,111.23
3908,0
3909,0
3910,0
3911,0
3912,0
3913,0
3914,0
3915,0
3916,0
3917,0
3918,47.49
3919,128.42
3920,402.51
3921,560.25
3922,597.9
3923,531.99
3924,733.59
3925,562.53
3926,673.31
3927,689.89
3928,593.42
3929,415.38
3930,196.41
3931,83.45
3932,0
3933,0
3934,0
3935,0
3936,0
3937,0
3938,0
3939,0
3940,0
3941,0
3942,59.98
3943,228.62
3944,426.68
3945,621.19
3946,791.12
3947,914.16
3948,985.89
3949,965.58
3950,931.62
3951,834.09
3952,676.49
3953,247.09
3954,91.44
3955,112.81
3956,0
3957,0
3958,0
3959,0
3960,0
3961,0
3962,0
3963,0
3964,0
3965,0
3966,10.94
3967,108.63
3968,422.96
3969,604.08
3970,778.4
3971,914
3972,986.77
3973,950.12
3974,942.26
3975,767.99
3976,532.51
3977,500.93
3978,287.9
3979,115.86
3980,0
3981,0
3982,0
3983,0
3984,0
3985,0
3986,0
3987,0
3988,0
3989,0
3990,14.91
3991,24.85
3992,63.61
3993,475.28
3994,630.51
3995,800.43
3996,959.57
3997,600.52
3998,324.19
3999,722.93
4000,195.79
4001,240.19
4002,60.62
4003,12.92
4004,0
4005,0
4006,0
4007,0
4008,0
4009,0
4010,0
4011,0
4012,0
4013,0
4014,59.49
4015,230.08
4016,419.93
4017,615.76
4018,785.48
4019,908.43
4020,985.5
4021,997.83
4022,952.82
4023,844.4
4024,682.46
4025,501.04
4026,297.77
4027,114.87
4028,0
4029,0
4030,0
4031,0
4032,0
4033,0
4034,0
4035,0
4036,0
4037,0
4038,59.37
4039,225.73
4040,425.15
4041,618.62
4042,789.53
4043,912.62
4044,990.81
4045,1003.15
4046,952.78
4047,845.38
4048,686.51
4049,499.18
4050,298.73
4051,116.28
4052,0
4053,0
4054,0
4055,0
4056,0
4057,0
4058,0
4059,0
4060,0
4061,0
4062,58.34
4063,219.64
4064,414.23
4065,611.55
4066,776.91
4067,907.2
4068,985.34
4069,997.71
4070,933.35
4071,814.68
4072,672.25
4073,489.78
4074,291.82
4075,116.06
4076,0
4077,0
4078,0
4079,0
4080,0
4081,0
4082,0
4083,0
4084,0
4085,0
4086,41.8
4087,224.08
4088,422.22
4089,620.4
4090,792.51
4091,921.04
4092,1000.41
4093,1013.84
4094,963.4
4095,854.84
4096,697.74
4097,505.95
4098,303.04
4099,118.84
4100,0
4101,0
4102,0
4103,0
4104,0
4105,0
4106,0
4107,0
4108,0
4109,0
4110,58.14
4111,220.25
4112,421.14
4113,616.36
4114,787.26
4115,921
4116,990.67
4117,992.25
4118,953.76
4119,850.65
4120,698.79
4121,506
4122,304.7
4123,120.71
4124,0
4125,0
4126,0
4127,0
4128,0
4129,0
4130,0
4131,0
4132,0
4133,0
4134,57.51
4135,220.81
4136,414.8
4137,610.34
4138,774.71
4139,906.05
4140,985.28
4141,992.26
4142,929
4143,775.28
4144,473.85
4145,304.11
4146,308.08
4147,108.28
4148,0
4149,0
4150,0
4151,0
4152,0
4153,0
4154,0
4155,0
4156,0
4157,0
4158,33.15
4159,49.7
4160,220.62
4161,555.4
4162,682.13
4163,787.29
4164,824.42
4165,966.19
4166,929.06
4167,807.3
4168,569.6
4169,494.85
4170,228
4171,103.42
4172,0
4173,0
4174,0
4175,0
4176,0
4177,0
4178,0
4179,0
4180,0
4181,0
4182,56.06
4183,215.54
4184,410.99
4185,611.24
4186,777.83
4187,914.65
4188,984.28
4189,997.76
4190,949.57
4191,839.18
4192,685.78
4193,498.79
4194,300.61
4195,119.6
4196,0
4197,0
4198,0
4199,0
4200,0
4201,0
4202,0
4203,0
4204,0
4205,0
4206,55.57
4207,216.11
4208,413.52
4209,610.23
4210,780.99
4211,909.35
4212,984.34
4213,997.82
4214,949.65
4215,848.76
4216,686.89
4217,503.63
4218,303.98
4219,120.37
4220,0
4221,0
4222,0
4223,0
4224,0
4225,0
4226,0
4227,0
4228,0
4229,0
4230,55.11
4231,219.01
4232,417.04
4233,619.17
4234,788.34
4235,917.99
4236,999.52
4237,1007.66
4238,959.44
4239,848.88
4240,694.16
4241,506.62
4242,305.74
4243,121.21
4244,0
4245,0
4246,0
4247,0
4248,0
4249,0
4250,0
4251,0
4252,0
4253,0
4254,54
4255,214.14
4256,409.78
4257,605.28
4258,771.71
4259,889.18
4260,983.47
4261,932.66
4262,944.52
4263,831.03
4264,687.15
4265,497.28
4266,303.51
4267,120.51
4268,0
4269,0
4270,0
4271,0
4272,0
4273,0
4274,0
4275,0
4276,0
4277,0
4278,53.51
4279,213.9
4280,410.56
4281,608.3
4282,782.26
4283,917.13
4284,993.31
4285,1013.31
4286,959.72
4287,849.16
4288,698.53
4289,509.75
4290,307.59
4291,122.35
4292,0
4293,0
4294,0
4295,0
4296,0
4297,0
4298,0
4299,0
4300,0
4301,0
4302,52.69
4303,215.02
4304,411.39
4305,610.33
4306,778.17
4307,911.94
4308,988.07
4309,1002.67
4310,954.53
4311,835.6
4312,691.56
4313,510.91
4314,309.38
4315,123.59
4316,0
4317,0
4318,0
4319,0
4320,0
4321,0
4322,0
4323,0
4324,0
4325,0
4326,36.4
4327,199.06
4328,395.3
4329,590.49
4330,756.34
4331,887.44
4332,966.6
4333,986.61
4334,939.64
4335,823.01
4336,681.5
4337,477.74
4338,294.31
4339,117.11
4340,0
4341,0
4342,0
4343,0
4344,0
4345,0
4346,0
4347,0
4348,0
4349,0
4350,50.21
4351,209.82
4352,410.15
4353,562.59
4354,761.89
4355,893.33
4356,931.33
4357,977.49
4358,936.95
4359,828.81
4360,675.64
4361,489.2
4362,294.88
4363,116.94
4364,0
4365,0
4366,0
4367,0
4368,0
4369,0
4370,0
4371,0
4372,0
4373,0
4374,44.6
4375,197.64
4376,394.84
4377,561.67
4378,752.64
4379,878.49
4380,946.8
4381,929.61
4382,437.53
4383,517.14
4384,274.54
4385,45.72
4386,127
4387,83.28
4388,0
4389,0
4390,0
4391,0
4392,0
4393,0
4394,0
4395,0
4396,0
4397,0
4398,48.95
4399,206.41
4400,398.47
4401,591.72
4402,760.15
4403,883.01
4404,962.25
4405,972.46
4406,932.02
4407,775.85
4408,632.8
4409,432.03
4410,300.82
4411,118.07
4412,0
4413,0
4414,0
4415,0
4416,0
4417,0
4418,0
4419,0
4420,0
4421,0
4422,47.66
4423,203.37
4424,400.15
4425,544.84
4426,750.92
4427,843.32
4428,972.26
4429,987.97
4430,936.62
4431,833.77
4432,676.3
4433,494.56
4434,296.05
4435,117.48
4436,0
4437,0
4438,0
4439,0
4440,0
4441,0
4442,0
4443,0
4444,0
4445,0
4446,42.2
4447,201.96
4448,395.74
4449,586
4450,758.47
4451,885.67
4452,877.31
4453,977.37
4454,936.89
4455,824.49
4456,676.55
4457,491.89
4458,294.51
4459,120.3
4460,0
4461,0
4462,0
4463,0
4464,0
4465,0
4466,0
4467,0
4468,0
4469,0
4470,45.65
4471,194.21
4472,383.18
4473,591.15
4474,760.82
4475,884.88
4476,970.72
4477,987.48
4478,946.91
4479,829.03
4480,683
4481,495.02
4482,300.42
4483,119.32
4484,0
4485,0
4486,0
4487,0
4488,0
4489,0
4490,0
4491,0
4492,0
4493,0
4494,45.41
4495,200.44
4496,394.8
4497,590.32
4498,755.84
4499,884.11
4500,960.15
4501,971.46
4502,860.09
4503,794.02
4504,658.53
4505,467.39
4506,287.52
4507,110
4508,0
4509,0
4510,0
4511,0
4512,0
4513,0
4514,0
4515,0
4516,0
4517,0
4518,43.23
4519,196.26
4520,393.94
4521,579.51
4522,661.89
4523,763.64
4524,832.77
4525,959.82
4526,880.17
4527,612.05
4528,654.68
4529,502.21
4530,307.9
4531,120.68
4532,0
4533,0
4534,0
4535,0
4536,0
4537,0
4538,0
4539,0
4540,0
4541,0
4542,38.04
4543,189.06
4544,392.12
4545,605.68
4546,709.94
4547,911.59
4548,990.16
4549,1007.01
4550,960.94
4551,855.56
4552,700.4
4553,511.08
4554,311.26
4555,121.65
4556,0
4557,0
4558,0
4559,0
4560,0
4561,0
4562,0
4563,0
4564,0
4565,0
4566,42.52
4567,206.67
4568,409.18
4569,604.92
4570,776.66
4571,901.25
4572,963.45
4573,991.14
4574,950.58
4575,842.13
4576,696.64
4577,506.59
4578,309.79
4579,120.2
4580,0
4581,0
4582,0
4583,0
4584,0
4585,0
4586,0
4587,0
4588,0
4589,0
4590,40.67
4591,189.31
4592,324.18
4593,353.82
4594,715.83
4595,881.21
4596,968.22
4597,980.64
4598,940.17
4599,828.64
4600,682.55
4601,498.19
4602,300.98
4603,117.21
4604,0
4605,0
4606,0
4607,0
4608,0
4609,0
4610,0
4611,0
4612,0
4613,0
4614,37.94
4615,192.91
4616,387.78
4617,590.43
4618,759.5
4619,894.55
4620,942.36
4621,916.08
4622,914.5
4623,837.59
4624,686.02
4625,500.41
4626,301.95
4627,115.89
4628,0
4629,0
4630,0
4631,0
4632,0
4633,0
4634,0
4635,0
4636,0
4637,0
4638,36.7
4639,196.33
4640,399.54
4641,597.73
4642,769.38
4643,898.22
4644,957.06
4645,898.8
4646,894.08
4647,791.84
4648,678.12
4649,504.57
4650,299.51
4651,116.27
4652,0
4653,0
4654,0
4655,0
4656,0
4657,0
4658,0
4659,0
4660,0
4661,0
4662,36.21
4663,186.19
4664,392.42
4665,569.88
4666,741.26
4667,859.7
4668,914.64
4669,941.36
4670,944.77
4671,832.07
4672,674.36
4673,489.4
4674,292.25
4675,105.24
4676,0
4677,0
4678,0
4679,0
4680,0
4681,0
4682,0
4683,0
4684,0
4685,0
4686,35.91
4687,191.16
4688,379.91
4689,553.01
4690,755.44
4691,825.2
4692,770.45
4693,643.35
4694,857.44
4695,645.79
4696,480.96
4697,369.15
4698,261.59
4699,111.84
4700,0
4701,0
4702,0
4703,0
4704,0
4705,0
4706,0
4707,0
4708,0
4709,0
4710,32.33
4711,189.38
4712,385.4
4713,540.13
4714,754.81
4715,891.03
4716,970.59
4717,988.53
4718,928.36
4719,830.9
4720,687.67
4721,497.77
4722,311.4
4723,111.9
4724,0
4725,0
4726,0
4727,0
4728,0
4729,0
4730,0
4731,0
4732,0
4733,0
4734,31.71
4735,186.41
4736,385.48
4737,585.97
4738,753.17
4739,894.8
4740,970.05
4741,987.99
4742,943.08
4743,834.62
4744,669.36
4745,474.72
4746,273.43
4747,102.93
4748,0
4749,0
4750,0
4751,0
4752,0
4753,0
4754,0
4755,0
4756,0
4757,0
4758,6.96
4759,175.98
4760,374.73
4761,570.16
4762,740.88
4763,885.53
4764,958.58
4765,971.01
4766,922.84
4767,825.43
4768,686.51
4769,496.52
4770,299.22
4771,110.23
4772,0
4773,0
4774,0
4775,0
4776,0
4777,0
4778,0
4779,0
4780,0
4781,0
4782,3.98
4783,37.77
4784,383.95
4785,306.88
4786,610.39
4787,874.18
4788,963.52
4789,981.47
4790,936.59
4791,833.54
4792,684.93
4793,492.97
4794,299.28
4795,93.86
4796,0
4797,0
4798,0
4799,0
4800,0
4801,0
4802,0
4803,0
4804,0
4805,0
4806,22.77
4807,114.75
4808,382.29
4809,585.1
4810,762.06
4811,897.52
4812,972.91
4813,990.9
4814,951.39
4815,841.65
4816,681.23
4817,499.19
4818,293.67
4819,112.81
4820,0
4821,0
4822,0
4823,0
4824,0
4825,0
4826,0
4827,0
4828,0
4829,0
4830,26.61
4831,185.43
4832,331.12
4833,574.38
4834,753.06
4835,891.63
4836,966.96
4837,984.97
4838,945.47
4839,841.16
4840,683.86
4841,495.66
4842,293.78
4843,100.23
4844,0
4845,0
4846,0
4847,0
4848,0
4849,0
4850,0
4851,0
4852,0
4853,0
4854,25.4
4855,185.06
4856,275.05
4857,564.62
4858,751.5
4859,890.13
4860,970.93
4861,984.48
4862,935.15
4863,836.35
4864,686.49
4865,497.03
4866,235.03
4867,107.35
4868,0
4869,0
4870,0
4871,0
4872,0
4873,0
4874,0
4875,0
4876,0
4877,0
4878,25.46
4879,180.2
4880,339.74
4881,536.4
4882,754.22
4883,903.78
4884,980.38
4885,994
4886,954.43
4887,843.51
4888,692.29
4889,503.34
4890,299.75
4891,106.32
4892,0
4893,0
4894,0
4895,0
4896,0
4897,0
4898,0
4899,0
4900,0
4901,0
4902,23.7
4903,174.72
4904,370.25
4905,575.75
4906,745.2
4907,875.01
4908,964.57
4909,982.59
4910,928.78
4911,830.04
4912,637.94
4913,303.48
4914,100.38
4915,78.55
4916,0
4917,0
4918,0
4919,0
4920,0
4921,0
4922,0
4923,0
4924,0
4925,0
4926,2.98
4927,70.39
4928,58.64
4929,218.75
4930,133.17
4931,156.04
4932,480.66
4933,325.24
4934,543.5
4935,516.54
4936,640.58
4937,455.63
4938,284.03
4939,102.45
4940,0
4941,0
4942,0
4943,0
4944,0
4945,0
4946,0
4947,0
4948,0
4949,0
4950,5.96
4951,87.71
4952,213.73
4953,460.09
4954,682.71
4955,877.49
4956,957.2
4957,922.61
4958,906.88
4959,632.94
4960,370.39
4961,352.79
4962,268.74
4963,86.48
4964,0
4965,0
4966,0
4967,0
4968,0
4969,0
4970,0
4971,0
4972,0
4973,0
4974,11.93
4975,82.93
4976,152.93
4977,167.97
4978,179.88
4979,124.23
4980,227.6
4981,162.99
4982,148.09
4983,133.17
4984,204.73
4985,149.08
4986,87.46
4987,43.73
4988,0
4989,0
4990,0
4991,0
4992,0
4993,0
4994,0
4995,0
4996,0
4997,0
4998,19
4999,120.8
5000,63.61
5001,82.49
5002,109.33
5003,98.39
5004,105.35
5005,128.21
5006,150.07
5007,144.11
5008,397.48
5009,361.18
5010,156.85
5011,79
5012,0
5013,0
5014,0
5015,0
5016,0
5017,0
5018,0
5019,0
5020,0
5021,0
5022,8.94
5023,88.53
5024,101.37
5025,428.82
5026,614.45
5027,845.45
5028,943.92
5029,962.99
5030,923.61
5031,816.03
5032,673.84
5033,480.21
5034,274.79
5035,95.94
5036,0
5037,0
5038,0
5039,0
5040,0
5041,0
5042,0
5043,0
5044,0
5045,0
5046,16.81
5047,96.9
5048,333.57
5049,388.6
5050,315.04
5051,314.45
5052,678.73
5053,272.32
5054,177.9
5055,397.36
5056,380.14
5057,247.81
5058,206.27
5059,51.98
5060,0
5061,0
5062,0
5063,0
5064,0
5065,0
5066,0
5067,0
5068,0
5069,0
5070,11.86
5071,168.09
5072,312.97
5073,356.78
5074,747.84
5075,819.05
5076,316.3
5077,788.24
5078,624.24
5079,672.89
5080,436.82
5081,404.39
5082,176.73
5083,24.85
5084,0
5085,0
5086,0
5087,0
5088,0
5089,0
5090,0
5091,0
5092,0
5093,0
5094,2.96
5095,165.04
5096,263.42
5097,512.59
5098,324.23
5099,144.11
5100,846.67
5101,985.7
5102,935.1
5103,830.48
5104,674.82
5105,398.62
5106,84.48
5107,52.96
5108,0
5109,0
5110,0
5111,0
5112,0
5113,0
5114,0
5115,0
5116,0
5117,0
5118,2.96
5119,164.2
5120,365.45
5121,564.42
5122,746.21
5123,869.83
5124,955.19
5125,985.43
5126,924.75
5127,829.11
5128,669.14
5129,484.2
5130,277.64
5131,89.59
5132,0
5133,0
5134,0
5135,0
5136,0
5137,0
5138,0
5139,0
5140,0
5141,0
5142,2.96
5143,161.04
5144,364.88
5145,565.11
5146,744.85
5147,882.87
5148,954.94
5149,968.43
5150,923.41
5151,813.49
5152,660.22
5153,467.54
5154,242.04
5155,83.25
5156,0
5157,0
5158,0
5159,0
5160,0
5161,0
5162,0
5163,0
5164,0
5165,0
5166,1.97
5167,122.94
5168,347.28
5169,542.75
5170,723.86
5171,867.15
5172,698.85
5173,961.5
5174,911.96
5175,807.67
5176,665.28
5177,475.17
5178,268.31
5179,84.32
5180,0
5181,0
5182,0
5183,0
5184,0
5185,0
5186,0
5187,0
5188,0
5189,0
5190,1.97
5191,152.91
5192,352.44
5193,552.9
5194,734.52
5195,871.34
5196,946.75
5197,960.18
5198,905.04
5199,819.61
5200,667.13
5201,474.73
5202,224.24
5203,82.56
5204,0
5205,0
5206,0
5207,0
5208,0
5209,0
5210,0
5211,0
5212,0
5213,0
5214,1.97
5215,144.3
5216,297.09
5217,543.06
5218,717.78
5219,855.52
5220,961.19
5221,980.3
5222,923.98
5223,818.26
5224,669
5225,475.29
5226,263.21
5227,80.4
5228,0
5229,0
5230,0
5231,0
5232,0
5233,0
5234,0
5235,0
5236,0
5237,0
5238,1.97
5239,149.61
5240,341.79
5241,538.48
5242,719.78
5243,854.21
5244,907.76
5245,951.95
5246,896.76
5247,775.6
5248,620.83
5249,418.37
5250,188.71
5251,67.42
5252,0
5253,0
5254,0
5255,0
5256,0
5257,0
5258,0
5259,0
5260,0
5261,0
5262,0
5263,57.65
5264,120.24
5265,302.3
5266,469.89
5267,404.77
5268,557.66
5269,669.42
5270,542.05
5271,433.92
5272,155.05
5273,45.72
5274,101.31
5275,15.9
5276,0
5277,0
5278,0
5279,0
5280,0
5281,0
5282,0
5283,0
5284,0
5285,0
5286,0
5287,37.77
5288,103.36
5289,175.96
5290,532.6
5291,577.18
5292,767.24
5293,901.14
5294,929.26
5295,816.69
5296,665.09
5297,469.96
5298,260.76
5299,73.35
5300,0
5301,0
5302,0
5303,0
5304,0
5305,0
5306,0
5307,0
5308,0
5309,0
5310,0
5311,90.72
5312,224.36
5313,551.38
5314,739.11
5315,874.04
5316,960.85
5317,974.32
5318,932.54
5319,814.37
5320,662.73
5321,467.52
5322,259.07
5323,71.18
5324,0
5325,0
5326,0
5327,0
5328,0
5329,0
5330,0
5331,0
5332,0
5333,0
5334,0
5335,145.1
5336,342.71
5337,549.04
5338,733.48
5339,872.83
5340,954.03
5341,973.12
5342,925.74
5343,812.04
5344,657.06
5345,459.92
5346,251.21
5347,66.68
5348,0
5349,0
5350,0
5351,0
5352,0
5353,0
5354,0
5355,0
5356,0
5357,0
5358,0
5359,89.62
5360,158.02
5361,162
5362,278.95
5363,279.47
5364,329.48
5365,340.53
5366,796.57
5367,720.95
5368,268.16
5369,449.17
5370,220.78
5371,51.94
5372,0
5373,0
5374,0
5375,0
5376,0
5377,0
5378,0
5379,0
5380,0
5381,0
5382,0
5383,89.48
5384,151.08
5385,308.08
5386,522.35
5387,831.82
5388,925.41
5389,943.38
5390,871.88
5391,755.08
5392,628.05
5393,241.65
5394,249.61
5395,60.9
5396,0
5397,0
5398,0
5399,0
5400,0
5401,0
5402,0
5403,0
5404,0
5405,0
5406,0
5407,107.58
5408,326.6
5409,494.19
5410,733.2
5411,462.69
5412,686.03
5413,946.82
5414,929.17
5415,792.61
5416,303.04
5417,452.63
5418,237.14
5419,53.91
5420,0
5421,0
5422,0
5423,0
5424,0
5425,0
5426,0
5427,0
5428,0
5429,0
5430,0
5431,43.73
5432,156.1
5433,219.15
5434,288.22
5435,201.76
5436,548.72
5437,908.46
5438,892.61
5439,418.2
5440,103.36
5441,219.42
5442,211.78
5443,56.83
5444,0
5445,0
5446,0
5447,0
5448,0
5449,0
5450,0
5451,0
5452,0
5453,0
5454,0
5455,119.17
5456,307.68
5457,549.22
5458,686.83
5459,864.85
5460,947.17
5461,949.1
5462,910.95
5463,797.06
5464,643.21
5465,448.86
5466,237.34
5467,54.22
5468,0
5469,0
5470,0
5471,0
5472,0
5473,0
5474,0
5475,0
5476,0
5477,0
5478,0
5479,22.85
5480,314.26
5481,231.4
5482,437.84
5483,792.08
5484,571.5
5485,550.86
5486,277.39
5487,411.13
5488,637.52
5489,441.18
5490,225.71
5491,49.79
5492,0
5493,0
5494,0
5495,0
5496,0
5497,0
5498,0
5499,0
5500,0
5501,0
5502,0
5503,43.73
5504,39.75
5505,45.72
5506,113.3
5507,82.49
5508,78.52
5509,241.51
5510,459.03
5511,473.05
5512,186.85
5513,423.89
5514,212.01
5515,44.15
5516,0
5517,0
5518,0
5519,0
5520,0
5521,0
5522,0
5523,0
5524,0
5525,0
5526,0
5527,126.44
5528,325.59
5529,529.22
5530,701.43
5531,836.27
5532,920.9
5533,937.78
5534,889.27
5535,780.01
5536,624.05
5537,434.27
5538,225.93
5539,39.56
5540,0
5541,0
5542,0
5543,0
5544,0
5545,0
5546,0
5547,0
5548,0
5549,0
5550,0
5551,125.71
5552,288.41
5553,370.56
5554,711.69
5555,858.28
5556,939.57
5557,961.16
5558,906.72
5559,781.26
5560,600.28
5561,416.91
5562,215.93
5563,36
5564,0
5565,0
5566,0
5567,0
5568,0
5569,0
5570,0
5571,0
5572,0
5573,0
5574,0
5575,121.67
5576,328.02
5577,525.67
5578,698
5579,837.55
5580,917.57
5581,928.63
5582,889.5
5583,774.41
5584,604.68
5585,415.57
5586,184.28
5587,30.12
5588,0
5589,0
5590,0
5591,0
5592,0
5593,0
5594,0
5595,0
5596,0
5597,0
5598,0
5599,60.23
5600,92.43
5601,81.49
5602,435.11
5603,549.18
5604,874.04
5605,759.37
5606,796.27
5607,732.51
5608,584.16
5609,418.56
5610,217.21
5611,29.65
5612,0
5613,0
5614,0
5615,0
5616,0
5617,0
5618,0
5619,0
5620,0
5621,0
5622,0
5623,69.8
5624,89.45
5625,282.55
5626,570.98
5627,709.85
5628,913.24
5629,950.03
5630,894.44
5631,781.58
5632,621.73
5633,408.59
5634,201.45
5635,27.67
5636,0
5637,0
5638,0
5639,0
5640,0
5641,0
5642,0
5643,0
5644,0
5645,0
5646,0
5647,118.38
5648,325.2
5649,428.99
5650,608.62
5651,737.89
5652,805.53
5653,811.57
5654,771.64
5655,713.32
5656,561.34
5657,355.69
5658,166.81
5659,24.37
5660,0
5661,0
5662,0
5663,0
5664,0
5665,0
5666,0
5667,0
5668,0
5669,0
5670,0
5671,61.15
5672,271.36
5673,517.69
5674,706.34
5675,839.31
5676,904.11
5677,924.66
5678,873.82
5679,766.8
5680,610.57
5681,411.52
5682,202.79
5683,23.72
5684,0
5685,0
5686,0
5687,0
5688,0
5689,0
5690,0
5691,0
5692,0
5693,0
5694,0
5695,113.82
5696,321.63
5697,530.1
5698,712.26
5699,842.89
5700,917.36
5701,947.35
5702,885.83
5703,763.49
5704,603.8
5705,408.07
5706,195.45
5707,21.74
5708,0
5709,0
5710,0
5711,0
5712,0
5713,0
5714,0
5715,0
5716,0
5717,0
5718,0
5719,108.09
5720,312.97
5721,511.92
5722,706.61
5723,836.07
5724,910.46
5725,934.69
5726,882.59
5727,768.45
5728,600.45
5729,393.59
5730,196.62
5731,19.77
5732,0
5733,0
5734,0
5735,0
5736,0
5737,0
5738,0
5739,0
5740,0
5741,0
5742,0
5743,94.61
5744,294.55
5745,489.01
5746,681.02
5747,824.48
5748,908.34
5749,937.33
5750,880.46
5751,756.92
5752,602.93
5753,404.57
5754,188.29
5755,16.81
5756,0
5757,0
5758,0
5759,0
5760,0
5761,0
5762,0
5763,0
5764,0
5765,0
5766,0
5767,106.55
5768,310.43
5769,518.86
5770,675.25
5771,836.59
5772,915.78
5773,939.99
5774,881.99
5775,761.91
5776,596.14
5777,397.89
5778,184.68
5779,14.82
5780,0
5781,0
5782,0
5783,0
5784,0
5785,0
5786,0
5787,0
5788,0
5789,0
5790,0
5791,99.89
5792,292.97
5793,485.43
5794,626.39
5795,773.26
5796,882.63
5797,906.92
5798,854.92
5799,742.01
5800,578.86
5801,383.28
5802,172.3
5803,12.85
5804,0
5805,0
5806,0
5807,0
5808,0
5809,0
5810,0
5811,0
5812,0
5813,0
5814,0
5815,54.4
5816,191.3
5817,317.94
5818,416.31
5819,756.44
5820,844.05
5821,883.1
5822,816.67
5823,695.5
5824,515.29
5825,297.74
5826,143.99
5827,9.89
5828,0
5829,0
5830,0
5831,0
5832,0
5833,0
5834,0
5835,0
5836,0
5837,0
5838,0
5839,91.4
5840,308.81
5841,515.33
5842,707.14
5843,805.46
5844,923.16
5845,935.64
5846,881.19
5847,758.67
5848,592.93
5849,390.92
5850,169.01
5851,0
5852,0
5853,0
5854,0
5855,0
5856,0
5857,0
5858,0
5859,0
5860,0
5861,0
5862,0
5863,36.78
5864,120.46
5865,208.73
5866,110.32
5867,101.37
5868,894.69
5869,773.22
5870,737.76
5871,446.74
5872,282.74
5873,283.26
5874,92.47
5875,0
5876,0
5877,0
5878,0
5879,0
5880,0
5881,0
5882,0
5883,0
5884,0
5885,0
5886,0
5887,66.84
5888,43.73
5889,349.31
5890,194.8
5891,341.48
5892,582.9
5893,631.84
5894,599.08
5895,587.12
5896,571.16
5897,285.13
5898,99.51
5899,0
5900,0
5901,0
5902,0
5903,0
5904,0
5905,0
5906,0
5907,0
5908,0
5909,0
5910,0
5911,99.84
5912,185.95
5913,64.6
5914,56.65
5915,111.31
5916,699.34
5917,704.16
5918,158.02
5919,83.49
5920,171.07
5921,64.6
5922,73.58
5923,0
5924,0
5925,0
5926,0
5927,0
5928,0
5929,0
5930,0
5931,0
5932,0
5933,0
5934,0
5935,91.12
5936,293.95
5937,494.75
5938,674.85
5939,819.01
5940,850.53
5941,876.72
5942,833.41
5943,750.92
5944,565.86
5945,147.59
5946,125.01
5947,0
5948,0
5949,0
5950,0
5951,0
5952,0
5953,0
5954,0
5955,0
5956,0
5957,0
5958,0
5959,64.07
5960,158.87
5961,235.13
5962,303.31
5963,807.23
5964,575.68
5965,772.52
5966,848.62
5967,742.97
5968,574.53
5969,366.25
5970,150.94
5971,0
5972,0
5973,0
5974,0
5975,0
5976,0
5977,0
5978,0
5979,0
5980,0
5981,0
5982,0
5983,89.77
5984,287.07
5985,485.37
5986,686.31
5987,818.62
5988,891.93
5989,902.17
5990,850.32
5991,551.75
5992,479.26
5993,104.36
5994,73.69
5995,0
5996,0
5997,0
5998,0
5999,0
6000,0
6001,0
6002,0
6003,0
6004,0
6005,0
6006,0
6007,58.4
6008,113.59
6009,214.29
6010,321.71
6011,702.25
6012,815.59
6013,835.79
6014,822.57
6015,680.31
6016,536.78
6017,310.26
6018,144.77
6019,0
6020,0
6021,0
6022,0
6023,0
6024,0
6025,0
6026,0
6027,0
6028,0
6029,0
6030,0
6031,83.77
6032,290.51
6033,497.87
6034,692.1
6035,831.75
6036,895.52
6037,869.86
6038,823.24
6039,701.71
6040,557.88
6041,351.71
6042,142.28
6043,0
6044,0
6045,0
6046,0
6047,0
6048,0
6049,0
6050,0
6051,0
6052,0
6053,0
6054,0
6055,14.91
6056,84.48
6057,128.21
6058,262.91
6059,65.59
6060,88.46
6061,72.55
6062,118.27
6063,177.9
6064,470.05
6065,236.86
6066,131.22
6067,0
6068,0
6069,0
6070,0
6071,0
6072,0
6073,0
6074,0
6075,0
6076,0
6077,0
6078,0
6079,51.7
6080,112.76
6081,145.1
6082,196.93
6083,267.98
6084,428.73
6085,409.93
6086,391.15
6087,693
6088,475.21
6089,156.56
6090,130.81
6091,0
6092,0
6093,0
6094,0
6095,0
6096,0
6097,0
6098,0
6099,0
6100,0
6101,0
6102,0
6103,65.86
6104,267.99
6105,450.73
6106,638.88
6107,634.7
6108,757.42
6109,748.71
6110,826.22
6111,580.34
6112,144.11
6113,106.46
6114,49.76
6115,0
6116,0
6117,0
6118,0
6119,0
6120,0
6121,0
6122,0
6123,0
6124,0
6125,0
6126,0
6127,42.84
6128,275.19
6129,422.35
6130,674.37
6131,798.1
6132,878.11
6133,656.52
6134,323.36
6135,514.4
6136,314.09
6137,253.28
6138,126.92
6139,0
6140,0
6141,0
6142,0
6143,0
6144,0
6145,0
6146,0
6147,0
6148,0
6149,0
6150,0
6151,33.83
6152,148.66
6153,292.24
6154,273.8
6155,568.47
6156,637.37
6157,468.46
6158,696.84
6159,592.38
6160,369.94
6161,198.58
6162,106.88
6163,0
6164,0
6165,0
6166,0
6167,0
6168,0
6169,0
6170,0
6171,0
6172,0
6173,0
6174,0
6175,65.8
6176,247.45
6177,394.86
6178,610.99
6179,552.2
6180,861.82
6181,858.56
6182,643.73
6183,550.92
6184,242.98
6185,300.46
6186,88.71
6187,0
6188,0
6189,0
6190,0
6191,0
6192,0
6193,0
6194,0
6195,0
6196,0
6197,0
6198,0
6199,69.46
6200,253.37
6201,350.36
6202,589.45
6203,779.79
6204,771.63
6205,870.56
6206,805.24
6207,690.18
6208,526.47
6209,315.78
6210,107.23
6211,0
6212,0
6213,0
6214,0
6215,0
6216,0
6217,0
6218,0
6219,0
6220,0
6221,0
6222,0
6223,29.89
6224,250.9
6225,477.25
6226,667.67
6227,800.49
6228,869.56
6229,891.41
6230,814.88
6231,689.7
6232,520.95
6233,308.75
6234,102.49
6235,0
6236,0
6237,0
6238,0
6239,0
6240,0
6241,0
6242,0
6243,0
6244,0
6245,0
6246,0
6247,64.09
6248,264.6
6249,472.53
6250,664.58
6251,806.24
6252,876.48
6253,882.24
6254,824.46
6255,657.35
6256,404.44
6257,235.7
6258,46.05
6259,0
6260,0
6261,0
6262,0
6263,0
6264,0
6265,0
6266,0
6267,0
6268,0
6269,0
6270,0
6271,61.33
6272,267.52
6273,474.45
6274,647.22
6275,798.15
6276,877.32
6277,694.18
6278,782.22
6279,679.98
6280,504.79
6281,296.14
6282,90.6
6283,0
6284,0
6285,0
6286,0
6287,0
6288,0
6289,0
6290,0
6291,0
6292,0
6293,0
6294,0
6295,54.72
6296,263.79
6297,477.47
6298,636.3
6299,790.06
6300,869.21
6301,883.9
6302,814.95
6303,679.48
6304,499.28
6305,291.48
6306,85.64
6307,0
6308,0
6309,0
6310,0
6311,0
6312,0
6313,0
6314,0
6315,0
6316,0
6317,0
6318,0
6319,44.33
6320,186.05
6321,388.49
6322,636.91
6323,774.02
6324,850.93
6325,870.73
6326,810.68
6327,681.73
6328,497.42
6329,291
6330,80.75
6331,0
6332,0
6333,0
6334,0
6335,0
6336,0
6337,0
6338,0
6339,0
6340,0
6341,0
6342,0
6343,45.37
6344,251.56
6345,464.2
6346,580.03
6347,774.87
6348,846.73
6349,861.46
6350,787.4
6351,629.61
6352,416.07
6353,214.73
6354,48.89
6355,0
6356,0
6357,0
6358,0
6359,0
6360,0
6361,0
6362,0
6363,0
6364,0
6365,0
6366,0
6367,13.91
6368,68.57
6369,207.05
6370,381.74
6371,636.52
6372,817.85
6373,852.12
6374,741.36
6375,625.18
6376,481.1
6377,207.31
6378,68.3
6379,0
6380,0
6381,0
6382,0
6383,0
6384,0
6385,0
6386,0
6387,0
6388,0
6389,0
6390,0
6391,37.37
6392,246.69
6393,449.65
6394,627.29
6395,758.36
6396,829.04
6397,818.01
6398,777.75
6399,647.19
6400,461.02
6401,253.75
6402,60.62
6403,0
6404,0
6405,0
6406,0
6407,0
6408,0
6409,0
6410,0
6411,0
6412,0
6413,0
6414,0
6415,25.86
6416,183.11
6417,402.3
6418,617.19
6419,751.15
6420,806.21
6421,824.11
6422,769.39
6423,638.85
6424,464.58
6425,258.38
6426,45.31
6427,0
6428,0
6429,0
6430,0
6431,0
6432,0
6433,0
6434,0
6435,0
6436,0
6437,0
6438,0
6439,39.78
6440,237.93
6441,397.22
6442,544.58
6443,622.8
6444,635.55
6445,718.77
6446,657.45
6447,574.8
6448,458.97
6449,228.47
6450,49.43
6451,0
6452,0
6453,0
6454,0
6455,0
6456,0
6457,0
6458,0
6459,0
6460,0
6461,0
6462,0
6463,3.98
6464,124.61
6465,146.5
6466,81.49
6467,214.87
6468,500.94
6469,730.11
6470,713.29
6471,597.14
6472,450.64
6473,249.25
6474,28.66
6475,0
6476,0
6477,0
6478,0
6479,0
6480,0
6481,0
6482,0
6483,0
6484,0
6485,0
6486,0
6487,34.41
6488,235.81
6489,442.72
6490,626.09
6491,757.69
6492,837.86
6493,844.16
6494,772.63
6495,634.21
6496,451.49
6497,239.21
6498,27.67
6499,0
6500,0
6501,0
6502,0
6503,0
6504,0
6505,0
6506,0
6507,0
6508,0
6509,0
6510,0
6511,24.18
6512,17.89
6513,42.74
6514,184.06
6515,129.2
6516,207.72
6517,328.85
6518,286.79
6519,210.55
6520,76.53
6521,170.25
6522,23.72
6523,0
6524,0
6525,0
6526,0
6527,0
6528,0
6529,0
6530,0
6531,0
6532,0
6533,0
6534,0
6535,10.94
6536,33.79
6537,104.36
6538,125.23
6539,126.22
6540,63.61
6541,113.3
6542,85.47
6543,61.62
6544,66.59
6545,61.62
6546,13.84
6547,0
6548,0
6549,0
6550,0
6551,0
6552,0
6553,0
6554,0
6555,0
6556,0
6557,0
6558,0
6559,2.98
6560,17.89
6561,214.63
6562,129.2
6563,113.3
6564,144.11
6565,290.93
6566,339.16
6567,317.52
6568,281.19
6569,206.7
6570,3.96
6571,0
6572,0
6573,0
6574,0
6575,0
6576,0
6577,0
6578,0
6579,0
6580,0
6581,0
6582,0
6583,2.96
6584,224.92
6585,283.74
6586,511.74
6587,753.39
6588,823.25
6589,832.56
6590,759.73
6591,634.76
6592,449.44
6593,244.79
6594,2.96
6595,0
6596,0
6597,0
6598,0
6599,0
6600,0
6601,0
6602,0
6603,0
6604,0
6605,0
6606,0
6607,2.96
6608,190.98
6609,359.7
6610,334.2
6611,226.03
6612,465.49
6613,184.86
6614,251.56
6615,189.28
6616,64.6
6617,114.94
6618,2.96
6619,0
6620,0
6621,0
6622,0
6623,0
6624,0
6625,0
6626,0
6627,0
6628,0
6629,0
6630,0
6631,2.96
6632,177.02
6633,348.92
6634,342.13
6635,286.47
6636,341.94
6637,182.87
6638,452.48
6639,440.63
6640,129.44
6641,73.81
6642,2.96
6643,0
6644,0
6645,0
6646,0
6647,0
6648,0
6649,0
6650,0
6651,0
6652,0
6653,0
6654,0
6655,1.97
6656,52.67
6657,246.13
6658,186.3
6659,445.89
6660,621.38
6661,770.22
6662,721.84
6663,586.54
6664,401.32
6665,222.43
6666,1.97
6667,0
6668,0
6669,0
6670,0
6671,0
6672,0
6673,0
6674,0
6675,0
6676,0
6677,0
6678,0
6679,1.97
6680,230.71
6681,439.25
6682,618.51
6683,741.53
6684,819.77
6685,836
6686,743.34
6687,616.9
6688,332.71
6689,112.33
6690,0
6691,0
6692,0
6693,0
6694,0
6695,0
6696,0
6697,0
6698,0
6699,0
6700,0
6701,0
6702,0
6703,1.97
6704,51.68
6705,365.83
6706,600.25
6707,716.45
6708,800.84
6709,771.04
6710,667.41
6711,590.56
6712,332.4
6713,125.46
6714,0
6715,0
6716,0
6717,0
6718,0
6719,0
6720,0
6721,0
6722,0
6723,0
6724,0
6725,0
6726,0
6727,0
6728,198.73
6729,338.94
6730,495.39
6731,307.09
6732,546.93
6733,732.11
6734,732.51
6735,598.99
6736,374.85
6737,177.99
6738,0
6739,0
6740,0
6741,0
6742,0
6743,0
6744,0
6745,0
6746,0
6747,0
6748,0
6749,0
6750,0
6751,0
6752,205.42
6753,262.31
6754,348.71
6755,658.6
6756,758.05
6757,775.14
6758,714.62
6759,583.49
6760,398.02
6761,190.12
6762,0
6763,0
6764,0
6765,0
6766,0
6767,0
6768,0
6769,0
6770,0
6771,0
6772,0
6773,0
6774,0
6775,0
6776,210.9
6777,427.58
6778,595.22
6779,715.92
6780,773.08
6781,775
6782,678.47
6783,573.81
6784,370.05
6785,169
6786,0
6787,0
6788,0
6789,0
6790,0
6791,0
6792,0
6793,0
6794,0
6795,0
6796,0
6797,0
6798,0
6799,0
6800,144.15
6801,344.88
6802,500.07
6803,507.51
6804,768.69
6805,741.61
6806,651.46
6807,558.12
6808,395.07
6809,159.24
6810,0
6811,0
6812,0
6813,0
6814,0
6815,0
6816,0
6817,0
6818,0
6819,0
6820,0
6821,0
6822,0
6823,0
6824,14.91
6825,29.82
6826,252.5
6827,279.45
6828,219.89
6829,458.24
6830,283.25
6831,495.64
6832,294.61
6833,87
6834,0
6835,0
6836,0
6837,0
6838,0
6839,0
6840,0
6841,0
6842,0
6843,0
6844,0
6845,0
6846,0
6847,0
6848,112.14
6849,78.52
6850,157.03
6851,362.36
6852,79.51
6853,63.61
6854,52.67
6855,50.69
6856,28.82
6857,60.41
6858,0
6859,0
6860,0
6861,0
6862,0
6863,0
6864,0
6865,0
6866,0
6867,0
6868,0
6869,0
6870,0
6871,0
6872,51.68
6873,48.69
6874,201.69
6875,514.02
6876,502.19
6877,254.97
6878,473.16
6879,401.44
6880,235.38
6881,166.43
6882,0
6883,0
6884,0
6885,0
6886,0
6887,0
6888,0
6889,0
6890,0
6891,0
6892,0
6893,0
6894,0
6895,0
6896,174.85
6897,374.97
6898,565.13
6899,668.32
6900,673.04
6901,689.51
6902,692.17
6903,551.01
6904,298.16
6905,168.03
6906,0
6907,0
6908,0
6909,0
6910,0
6911,0
6912,0
6913,0
6914,0
6915,0
6916,0
6917,0
6918,0
6919,0
6920,135.44
6921,217.25
6922,405.68
6923,439.34
6924,740.16
6925,740.99
6926,588.28
6927,362.28
6928,334.34
6929,79.67
6930,0
6931,0
6932,0
6933,0
6934,0
6935,0
6936,0
6937,0
6938,0
6939,0
6940,0
6941,0
6942,0
6943,0
6944,83
6945,377.18
6946,357.56
6947,680.86
6948,654.83
6949,227.39
6950,626.22
6951,502.35
6952,195.26
6953,76.84
6954,0
6955,0
6956,0
6957,0
6958,0
6959,0
6960,0
6961,0
6962,0
6963,0
6964,0
6965,0
6966,0
6967,0
6968,111.44
6969,95.42
6970,232
6971,153.05
6972,110.32
6973,256.61
6974,634.57
6975,404.14
6976,320.01
6977,141.48
6978,0
6979,0
6980,0
6981,0
6982,0
6983,0
6984,0
6985,0
6986,0
6987,0
6988,0
6989,0
6990,0
6991,0
6992,42.74
6993,115.94
6994,230.09
6995,201.31
6996,470.51
6997,236.9
6998,77.52
6999,161.6
7000,124.96
7001,72.23
7002,0
7003,0
7004,0
7005,0
7006,0
7007,0
7008,0
7009,0
7010,0
7011,0
7012,0
7013,0
7014,0
7015,0
7016,15.9
7017,147.23
7018,174.82
7019,82.49
7020,208.98
7021,245.16
7022,85.47
7023,48.69
7024,81.49
7025,48.22
7026,0
7027,0
7028,0
7029,0
7030,0
7031,0
7032,0
7033,0
7034,0
7035,0
7036,0
7037,0
7038,0
7039,0
7040,162.04
7041,356.82
7042,504.08
7043,568.24
7044,655.33
7045,459.73
7046,428.62
7047,302.92
7048,128.76
7049,50.79
7050,0
7051,0
7052,0
7053,0
7054,0
7055,0
7056,0
7057,0
7058,0
7059,0
7060,0
7061,0
7062,0
7063,0
7064,166.41
7065,371.45
7066,537.49
7067,674.61
7068,742.69
7069,728.26
7070,568.73
7071,446.79
7072,333.77
7073,131.26
7074,0
7075,0
7076,0
7077,0
7078,0
7079,0
7080,0
7081,0
7082,0
7083,0
7084,0
7085,0
7086,0
7087,0
7088,160.8
7089,362.83
7090,529.76
7091,670.12
7092,728.38
7093,718.37
7094,649.72
7095,495.99
7096,267.34
7097,127.44
7098,0
7099,0
7100,0
7101,0
7102,0
7103,0
7104,0
7105,0
7106,0
7107,0
7108,0
7109,0
7110,0
7111,0
7112,34.78
7113,127.08
7114,292.27
7115,322.93
7116,52.67
7117,260.97
7118,562.59
7119,210.44
7120,139.93
7121,59.12
7122,0
7123,0
7124,0
7125,0
7126,0
7127,0
7128,0
7129,0
7130,0
7131,0
7132,0
7133,0
7134,0
7135,0
7136,116.76
7137,296.81
7138,177.54
7139,397.22
7140,256.73
7141,94.41
7142,200.98
7143,57.65
7144,69.57
7145,47.69
7146,0
7147,0
7148,0
7149,0
7150,0
7151,0
7152,0
7153,0
7154,0
7155,0
7156,0
7157,0
7158,0
7159,0
7160,75.59
7161,142.09
7162,155.7
7163,286.91
7164,168.96
7165,396.78
7166,282.05
7167,199.64
7168,110.94
7169,60.3
7170,0
7171,0
7172,0
7173,0
7174,0
7175,0
7176,0
7177,0
7178,0
7179,0
7180,0
7181,0
7182,0
7183,0
7184,11.93
7185,45.72
7186,447.56
7187,597.67
7188,361.12
7189,285.2
7190,609.36
7191,486.57
7192,315.99
7193,101.97
7194,0
7195,0
7196,0
7197,0
7198,0
7199,0
7200,0
7201,0
7202,0
7203,0
7204,0
7205,0
7206,0
7207,0
7208,124.47
7209,204.29
7210,516.99
7211,641.87
7212,699.13
7213,546.27
7214,601.43
7215,259.4
7216,191.33
7217,33.53
7218,0
7219,0
7220,0
7221,0
7222,0
7223,0
7224,0
7225,0
7226,0
7227,0
7228,0
7229,0
7230,0
7231,0
7232,138.58
7233,299.82
7234,435.73
7235,592.76
7236,618.58
7237,555.79
7238,479.39
7239,418.06
7240,246.99
7241,72.45
7242,0
7243,0
7244,0
7245,0
7246,0
7247,0
7248,0
7249,0
7250,0
7251,0
7252,0
7253,0
7254,0
7255,0
7256,123.11
7257,309.41
7258,488.15
7259,612.6
7260,680.92
7261,691.85
7262,607.56
7263,475.45
7264,295.4
7265,87.31
7266,0
7267,0
7268,0
7269,0
7270,0
7271,0
7272,0
7273,0
7274,0
7275,0
7276,0
7277,0
7278,0
7279,0
7280,122.25
7281,321.47
7282,487.7
7283,615.67
7284,680.75
7285,691.68
7286,609.3
7287,473.91
7288,286.52
7289,65.21
7290,0
7291,0
7292,0
7293,0
7294,0
7295,0
7296,0
7297,0
7298,0
7299,0
7300,0
7301,0
7302,0
7303,0
7304,146.03
7305,309
7306,483.03
7307,180.54
7308,672.89
7309,670.64
7310,413.5
7311,464.14
7312,306.3
7313,101.46
7314,0
7315,0
7316,0
7317,0
7318,0
7319,0
7320,0
7321,0
7322,0
7323,0
7324,0
7325,0
7326,0
7327,0
7328,47.01
7329,22.85
7330,178.9
7331,86.46
7332,107.33
7333,84.48
7334,57.65
7335,44.73
7336,39.75
7337,10.94
7338,0
7339,0
7340,0
7341,0
7342,0
7343,0
7344,0
7345,0
7346,0
7347,0
7348,0
7349,0
7350,0
7351,0
7352,120.62
7353,349.69
7354,481.2
7355,461.62
7356,500.58
7357,612.69
7358,569.94
7359,383.21
7360,258.84
7361,40.54
7362,0
7363,0
7364,0
7365,0
7366,0
7367,0
7368,0
7369,0
7370,0
7371,0
7372,0
7373,0
7374,0
7375,0
7376,133.08
7377,335.8
7378,463
7379,623.32
7380,680.55
7381,687.06
7382,605.87
7383,475.71
7384,301.2
7385,24.71
7386,0
7387,0
7388,0
7389,0
7390,0
7391,0
7392,0
7393,0
7394,0
7395,0
7396,0
7397,0
7398,0
7399,0
7400,128.04
7401,333.9
7402,507.5
7403,621.88
7404,683.73
7405,686.86
7406,608.89
7407,465.58
7408,77.02
7409,28.66
7410,0
7411,0
7412,0
7413,0
7414,0
7415,0
7416,0
7417,0
7418,0
7419,0
7420,0
7421,0
7422,0
7423,0
7424,117.82
7425,328.91
7426,497.47
7427,617.26
7428,679.01
7429,682.18
7430,604.25
7431,470.51
7432,291.48
7433,22.73
7434,0
7435,0
7436,0
7437,0
7438,0
7439,0
7440,0
7441,0
7442,0
7443,0
7444,0
7445,0
7446,0
7447,0
7448,114.85
7449,323.13
7450,495.93
7451,609.12
7452,649.24
7453,576.87
7454,508.97
7455,370.75
7456,174.35
7457,25.7
7458,0
7459,0
7460,0
7461,0
7462,0
7463,0
7464,0
7465,0
7466,0
7467,0
7468,0
7469,0
7470,0
7471,0
7472,42.71
7473,87.95
7474,192.51
7475,499.23
7476,550.51
7477,663.78
7478,588.09
7479,461.95
7480,281.71
7481,21.74
7482,0
7483,0
7484,0
7485,0
7486,0
7487,0
7488,0
7489,0
7490,0
7491,0
7492,0
7493,0
7494,0
7495,0
7496,94.21
7497,308.87
7498,477.38
7499,599.54
7500,661.55
7501,663.54
7502,575.22
7503,458.18
7504,273.82
7505,21.74
7506,0
7507,0
7508,0
7509,0
7510,0
7511,0
7512,0
7513,0
7514,0
7515,0
7516,0
7517,0
7518,0
7519,0
7520,66.63
7521,304.82
7522,481.18
7523,605.98
7524,664.6
7525,642.86
7526,548.72
7527,432.4
7528,275.6
7529,19.77
7530,0
7531,0
7532,0
7533,0
7534,0
7535,0
7536,0
7537,0
7538,0
7539,0
7540,0
7541,0
7542,0
7543,0
7544,84.99
7545,289.61
7546,470.88
7547,586.53
7548,656.44
7549,658.56
7550,589.21
7551,449.36
7552,264.65
7553,21.74
7554,0
7555,0
7556,0
7557,0
7558,0
7559,0
7560,0
7561,0
7562,0
7563,0
7564,0
7565,0
7566,0
7567,0
7568,25.78
7569,90.09
7570,147.81
7571,356.44
7572,592.12
7573,621.63
7574,567.55
7575,443.46
7576,262.7
7577,20.75
7578,0
7579,0
7580,0
7581,0
7582,0
7583,0
7584,0
7585,0
7586,0
7587,0
7588,0
7589,0
7590,0
7591,0
7592,32.75
7593,112.49
7594,103.36
7595,199.93
7596,234.51
7597,479.56
7598,524.37
7599,381.35
7600,211.11
7601,17.79
7602,0
7603,0
7604,0
7605,0
7606,0
7607,0
7608,0
7609,0
7610,0
7611,0
7612,0
7613,0
7614,0
7615,0
7616,69.45
7617,281.41
7618,448.05
7619,572.91
7620,630.3
7621,625.74
7622,555.34
7623,432.23
7624,252.7
7625,17.79
7626,0
7627,0
7628,0
7629,0
7630,0
7631,0
7632,0
7633,0
7634,0
7635,0
7636,0
7637,0
7638,0
7639,0
7640,70.9
7641,289.55
7642,467.32
7643,590.59
7644,650.78
7645,653.97
7646,581.11
7647,449.29
7648,266.71
7649,14.82
7650,0
7651,0
7652,0
7653,0
7654,0
7655,0
7656,0
7657,0
7658,0
7659,0
7660,0
7661,0
7662,0
7663,0
7664,63.78
7665,279.37
7666,439.16
7667,572.11
7668,642.44
7669,641.17
7670,569.41
7671,439.93
7672,253.66
7673,15.81
7674,0
7675,0
7676,0
7677,0
7678,0
7679,0
7680,0
7681,0
7682,0
7683,0
7684,0
7685,0
7686,0
7687,0
7688,36.21
7689,266.94
7690,447.47
7691,570.5
7692,637.52
7693,633.93
7694,558.83
7695,431.76
7696,243.68
7697,13.84
7698,0
7699,0
7700,0
7701,0
7702,0
7703,0
7704,0
7705,0
7706,0
7707,0
7708,0
7709,0
7710,0
7711,0
7712,9.94
7713,268.61
7714,442.31
7715,555.24
7716,617.58
7717,601.01
7718,334.03
7719,358.97
7720,206.37
7721,2.96
7722,0
7723,0
7724,0
7725,0
7726,0
7727,0
7728,0
7729,0
7730,0
7731,0
7732,0
7733,0
7734,0
7735,0
7736,29.46
7737,248.15
7738,427.21
7739,551.31
7740,610.14
7741,601.98
7742,533.83
7743,380.94
7744,87.52
7745,11.86
7746,0
7747,0
7748,0
7749,0
7750,0
7751,0
7752,0
7753,0
7754,0
7755,0
7756,0
7757,0
7758,0
7759,0
7760,32.86
7761,249.85
7762,392.28
7763,482.52
7764,517.56
7765,416.66
7766,429.42
7767,401.84
7768,220.14
7769,4.94
7770,0
7771,0
7772,0
7773,0
7774,0
7775,0
7776,0
7777,0
7778,0
7779,0
7780,0
7781,0
7782,0
7783,0
7784,8.94
7785,19.88
7786,74.54
7787,55.66
7788,572.58
7789,565.47
7790,520.08
7791,220.58
7792,151.09
7793,0
7794,0
7795,0
7796,0
7797,0
7798,0
7799,0
7800,0
7801,0
7802,0
7803,0
7804,0
7805,0
7806,0
7807,0
7808,14.66
7809,66.24
7810,278.46
7811,532.55
7812,593.71
7813,599.61
7814,527.62
7815,401.67
7816,226.3
7817,0
7818,0
7819,0
7820,0
7821,0
7822,0
7823,0
7824,0
7825,0
7826,0
7827,0
7828,0
7829,0
7830,0
7831,0
7832,1.98
7833,239.82
7834,418.68
7835,538.94
7836,597.89
7837,592.04
7838,524.96
7839,404.5
7840,186.49
7841,0
7842,0
7843,0
7844,0
7845,0
7846,0
7847,0
7848,0
7849,0
7850,0
7851,0
7852,0
7853,0
7854,0
7855,0
7856,22.01
7857,237.83
7858,418.05
7859,538.36
7860,606.91
7861,604.49
7862,529.01
7863,404.79
7864,226.27
7865,0
7866,0
7867,0
7868,0
7869,0
7870,0
7871,0
7872,0
7873,0
7874,0
7875,0
7876,0
7877,0
7878,0
7879,0
7880,8.94
7881,186.89
7882,387.56
7883,241.4
7884,480.29
7885,537.19
7886,471.53
7887,397.36
7888,171.9
7889,0
7890,0
7891,0
7892,0
7893,0
7894,0
7895,0
7896,0
7897,0
7898,0
7899,0
7900,0
7901,0
7902,0
7903,0
7904,0
7905,137.66
7906,390.4
7907,521
7908,598.85
7909,594.1
7910,519.67
7911,392.33
7912,189.01
7913,0
7914,0
7915,0
7916,0
7917,0
7918,0
7919,0
7920,0
7921,0
7922,0
7923,0
7924,0
7925,0
7926,0
7927,0
7928,0
7929,204.14
7930,397.54
7931,513.24
7932,584.1
7933,579.36
7934,509.7
7935,389.28
7936,215.92
7937,0
7938,0
7939,0
7940,0
7941,0
7942,0
7943,0
7944,0
7945,0
7946,0
7947,0
7948,0
7949,0
7950,0
7951,0
7952,0
7953,214.96
7954,394.5
7955,439.88
7956,296.22
7957,576.57
7958,514.92
7959,385.01
7960,206.15
7961,0
7962,0
7963,0
7964,0
7965,0
7966,0
7967,0
7968,0
7969,0
7970,0
7971,0
7972,0
7973,0
7974,0
7975,0
7976,0
7977,217.99
7978,390.22
7979,506.09
7980,573.49
7981,565.19
7982,508.5
7983,383.03
7984,204.08
7985,0
7986,0
7987,0
7988,0
7989,0
7990,0
7991,0
7992,0
7993,0
7994,0
7995,0
7996,0
7997,0
7998,0
7999,0
8000,0
8001,206.24
8002,381.43
8003,506.77
8004,575.4
8005,570.64
8006,506.69
8007,386.93
8008,210.01
8009,0
8010,0
8011,0
8012,0
8013,0
8014,0
8015,0
8016,0
8017,0
8018,0
8019,0
8020,0
8021,0
8022,0
8023,0
8024,0
8025,228.71
8026,405.57
8027,542.75
8028,611.37
8029,608.01
8030,545.09
8031,407.96
8032,230.69
8033,0
8034,0
8035,0
8036,0
8037,0
8038,0
8039,0
8040,0
8041,0
8042,0
8043,0
8044,0
8045,0
8046,0
8047,0
8048,0
8049,235.64
8050,388.93
8051,502.42
8052,566.26
8053,478.17
8054,318.54
8055,380.95
8056,99.96
8057,0
8058,0
8059,0
8060,0
8061,0
8062,0
8063,0
8064,0
8065,0
8066,0
8067,0
8068,0
8069,0
8070,0
8071,0
8072,0
8073,105.83
8074,266.62
8075,503
8076,547.52
8077,564.26
8078,526.33
8079,390.34
8080,217.78
8081,0
8082,0
8083,0
8084,0
8085,0
8086,0
8087,0
8088,0
8089,0
8090,0
8091,0
8092,0
8093,0
8094,0
8095,0
8096,0
8097,210.86
8098,382.7
8099,507.01
8100,580.37
8101,577.97
8102,508.05
8103,380.41
8104,216.73
8105,0
8106,0
8107,0
8108,0
8109,0
8110,0
8111,0
8112,0
8113,0
8114,0
8115,0
8116,0
8117,0
8118,0
8119,0
8120,0
8121,91.91
8122,122.12
8123,86.46
8124,201.83
8125,116.28
8126,159.41
8127,271.38
8128,124.21
8129,0
8130,0
8131,0
8132,0
8133,0
8134,0
8135,0
8136,0
8137,0
8138,0
8139,0
8140,0
8141,0
8142,0
8143,0
8144,0
8145,144.68
8146,223.94
8147,129.68
8148,480.25
8149,340.35
8150,275.26
8151,275.82
8152,98.33
8153,0
8154,0
8155,0
8156,0
8157,0
8158,0
8159,0
8160,0
8161,0
8162,0
8163,0
8164,0
8165,0
8166,0
8167,0
8168,0
8169,107.65
8170,219.53
8171,215.96
8172,361.35
8173,179.63
8174,186.3
8175,109.45
8176,83.28
8177,0
8178,0
8179,0
8180,0
8181,0
8182,0
8183,0
8184,0
8185,0
8186,0
8187,0
8188,0
8189,0
8190,0
8191,0
8192,0
8193,82.74
8194,156.58
8195,92.43
8196,484.48
8197,208.28
8198,508.44
8199,390.7
8200,197.13
8201,0
8202,0
8203,0
8204,0
8205,0
8206,0
8207,0
8208,0
8209,0
8210,0
8211,0
8212,0
8213,0
8214,0
8215,0
8216,0
8217,198.81
8218,369.65
8219,513.42
8220,506.02
8221,450.38
8222,504.13
8223,397.87
8224,221.48
8225,0
8226,0
8227,0
8228,0
8229,0
8230,0
8231,0
8232,0
8233,0
8234,0
8235,0
8236,0
8237,0
8238,0
8239,0
8240,0
8241,166.06
8242,329.25
8243,476.98
8244,535.97
8245,555.42
8246,506.76
8247,378.51
8248,181.3
8249,0
8250,0
8251,0
8252,0
8253,0
8254,0
8255,0
8256,0
8257,0
8258,0
8259,0
8260,0
8261,0
8262,0
8263,0
8264,0
8265,180.71
8266,359.55
8267,475.07
8268,538.93
8269,550.93
8270,513
8271,395.01
8272,217.52
8273,0
8274,0
8275,0
8276,0
8277,0
8278,0
8279,0
8280,0
8281,0
8282,0
8283,0
8284,0
8285,0
8286,0
8287,0
8288,0
8289,103.11
8290,215.38
8291,398.42
8292,489.65
8293,423.22
8294,362.14
8295,275.67
8296,149.53
8297,0
8298,0
8299,0
8300,0
8301,0
8302,0
8303,0
8304,0
8305,0
8306,0
8307,0
8308,0
8309,0
8310,0
8311,0
8312,0
8313,113.22
8314,349.37
8315,488.64
8316,562.38
8317,571.87
8318,511.01
8319,394.18
8320,215.55
8321,0
8322,0
8323,0
8324,0
8325,0
8326,0
8327,0
8328,0
8329,0
8330,0
8331,0
8332,0
8333,0
8334,0
8335,0
8336,0
8337,196.42
8338,355.18
8339,462.31
8340,431.04
8341,467.65
8342,226.73
8343,96.96
8344,152.24
8345,0
8346,0
8347,0
8348,0
8349,0
8350,0
8351,0
8352,0
8353,0
8354,0
8355,0
8356,0
8357,0
8358,0
8359,0
8360,0
8361,118.79
8362,342.64
8363,443.01
8364,453.34
8365,412.58
8366,486.32
8367,320.47
8368,79.56
8369,0
8370,0
8371,0
8372,0
8373,0
8374,0
8375,0
8376,0
8377,0
8378,0
8379,0
8380,0
8381,0
8382,0
8383,0
8384,0
8385,111.18
8386,327.41
8387,489.22
8388,488.37
8389,533.73
8390,499.71
8391,368.99
8392,195.34
8393,0
8394,0
8395,0
8396,0
8397,0
8398,0
8399,0
8400,0
8401,0
8402,0
8403,0
8404,0
8405,0
8406,0
8407,0
8408,0
8409,97.33
8410,238.63
8411,477.3
8412,463.78
8413,525.16
8414,492.74
8415,378.6
8416,125.94
8417,0
8418,0
8419,0
8420,0
8421,0
8422,0
8423,0
8424,0
8425,0
8426,0
8427,0
8428,0
8429,0
8430,0
8431,0
8432,0
8433,111.76
8434,326.43
8435,466.76
8436,536.69
8437,509.39
8438,475.8
8439,352.56
8440,177.76
8441,0
8442,0
8443,0
8444,0
8445,0
8446,0
8447,0
8448,0
8449,0
8450,0
8451,0
8452,0
8453,0
8454,0
8455,0
8456,0
8457,65.95
8458,107.84
8459,249.57
8460,240.91
8461,493.22
8462,483.21
8463,368.33
8464,210.53
8465,0
8466,0
8467,0
8468,0
8469,0
8470,0
8471,0
8472,0
8473,0
8474,0
8475,0
8476,0
8477,0
8478,0
8479,0
8480,0
8481,47.76
8482,85.08
8483,93.42
8484,91.44
8485,82.49
8486,126.7
8487,92.43
8488,87.25
8489,0
8490,0
8491,0
8492,0
8493,0
8494,0
8495,0
8496,0
8497,0
8498,0
8499,0
8500,0
8501,0
8502,0
8503,0
8504,0
8505,157.42
8506,340.21
8507,479.94
8508,546.66
8509,556.01
8510,497.63
8511,383.75
8512,219.27
8513,0
8514,0
8515,0
8516,0
8517,0
8518,0
8519,0
8520,0
8521,0
8522,0
8523,0
8524,0
8525,0
8526,0
8527,0
8528,0
8529,138.89
8530,315.6
8531,475.29
8532,527.14
8533,555.99
8534,484.49
8535,390.78
8536,224.71
8537,0
8538,0
8539,0
8540,0
8541,0
8542,0
8543,0
8544,0
8545,0
8546,0
8547,0
8548,0
8549,0
8550,0
8551,0
8552,0
8553,102.72
8554,285.26
8555,207.31
8556,373.41
8557,391.63
8558,359.34
8559,209.48
8560,187.39
8561,0
8562,0
8563,0
8564,0
8565,0
8566,0
8567,0
8568,0
8569,0
8570,0
8571,0
8572,0
8573,0
8574,0
8575,0
8576,0
8577,81.98
8578,146.61
8579,125.73
8580,245.98
8581,478.29
8582,470.77
8583,367.09
8584,232.74
8585,0
8586,0
8587,0
8588,0
8589,0
8590,0
8591,0
8592,0
8593,0
8594,0
8595,0
8596,0
8597,0
8598,0
8599,0
8600,0
8601,132.51
8602,304.88
8603,348.09
8604,514.84
8605,534.04
8606,435.17
8607,245.92
8608,170.99
8609,0
8610,0
8611,0
8612,0
8613,0
8614,0
8615,0
8616,0
8617,0
8618,0
8619,0
8620,0
8621,0
8622,0
8623,0
8624,0
8625,163.27
8626,343.16
8627,489
8628,557.08
8629,572.43
8630,518.96
8631,406.75
8632,236.18
8633,0
8634,0
8635,0
8636,0
8637,0
8638,0
8639,0
8640,0
8641,0
8642,0
8643,0
8644,0
8645,0
8646,0
8647,0
8648,0
8649,159.47
8650,344.13
8651,488.88
8652,557.06
8653,573.53
8654,519.99
8655,405.7
8656,242.87
8657,0
8658,0
8659,0
8660,0
8661,0
8662,0
8663,0
8664,0
8665,0
8666,0
8667,0
8668,0
8669,0
8670,0
8671,0
8672,0
8673,73.83
8674,187.11
8675,475.81
8676,561.55
8677,563.96
8678,511.59
8679,156.86
8680,205.79
8681,0
8682,0
8683,0
8684,0
8685,0
8686,0
8687,0
8688,0
8689,0
8690,0
8691,0
8692,0
8693,0
8694,0
8695,0
8696,0
8697,137.79
8698,343.65
8699,491.93
8700,561.41
8701,572.04
8702,484.82
8703,267.14
8704,113.99
8705,0
8706,0
8707,0
8708,0
8709,0
8710,0
8711,0
8712,0
8713,0
8714,0
8715,0
8716,0
8717,0
8718,0
8719,0
8720,0
8721,155.69
8722,343.47
8723,495.25
8724,572.83
8725,579.94
8726,528.77
8727,414.74
8728,248.85
8729,0
8730,0
8731,0
8732,0
8733,0
8734,0
8735,0
8736,0
8737,0
8738,0
8739,0
8740,0
8741,0
8742,0
8743,0
8744,0
8745,154.9
8746,347.6
8747,450.03
8748,563.21
8749,585.64
8750,373.54
8751,315.59
8752,152.41
8753,12.85
8754,0
8755,0
8756,0
8757,0
8758,0
8759,0
8760,0
